Term	Library	Direction	BranchNumber	P.value	Adjusted.P.value	Overlap	Combined.Score	Genes
response to cAMP (GO:0051591)	GO_Biological_Process_2018	UP	2	7.50207818536977e-06	0.0037960515617971	'4/40	442.256830452889	JUN;JUND;SLC26A3;ZFP36L1
1-phosphatidylinositol-4-phosphate 3-kinase activity (GO:0035005)	GO_Molecular_Function_2018	DOWN	2	0.000117536184812217	0.0123071606585698	'2/7	1569.52784182658	PIK3C2A;PIK3C2B
GTPase activator activity (GO:0005096)	GO_Molecular_Function_2018	DOWN	2	0.000317871326846524	0.0123071606585698	'5/249	75.6412264281307	PREX2;RANBP1;ADGRB3;HACD3;ARHGAP24
sodium:amino acid symporter activity (GO:0005283)	GO_Molecular_Function_2018	DOWN	2	0.00036658213136612	0.0123071606585698	'2/12	685.94306349107	SLC1A2;SLC6A11
GTPase regulator activity (GO:0030695)	GO_Molecular_Function_2018	DOWN	2	0.000500490461638849	0.0123071606585698	'5/275	64.4193217655819	PREX2;RANBP1;ADGRB3;HACD3;ARHGAP24
phosphatidylinositol phosphate kinase activity (GO:0016307)	GO_Molecular_Function_2018	DOWN	2	0.000580526446158951	0.0123071606585698	'2/15	496.912902739202	PIK3C2A;PIK3C2B
glutamate receptor activity (GO:0008066)	GO_Molecular_Function_2018	DOWN	2	0.00104246932126757	0.0184169580090604	'2/20	330.60409153415	GRM3;GRIA2
integral component of plasma membrane (GO:0005887)	GO_Cellular_Component_2018	DOWN	2	5.34608226867759e-06	0.000224535455284459	'14/1463	63.8279706288991	GRIA2;TENM2;CADM2;NRXN1;SLC1A2;ATP2A2;SLC6A11;MERTK;PTPRG;GRM3;SLCO1C1;ADGRG1;FLRT2;GPC5
SRP-dependent cotranslational protein targeting to membrane (GO:0006614)	GO_Biological_Process_2018	UP	3	3.00138379288102e-10	4.3490051158846e-07	'11/89	376.966699406518	RPS4X;RPL30;RPS9;RPS27;RPLP1;RPL37A;RPLP2;RPL13;SEC61B;RPL29;RPS13
viral process (GO:0016032)	GO_Biological_Process_2018	UP	3	8.52300488450687e-10	6.17491703882523e-07	'15/220	189.765900427531	RPL30;RPS9;RPLP1;RPS4X;RPS27;EIF3L;UBC;RPL37A;AP1S2;RPLP2;RPL13;EIF3F;RPL29;B2M;RPS13
nuclear-transcribed mRNA catabolic process, nonsense-mediated decay (GO:0000184)	GO_Biological_Process_2018	UP	3	3.63386575295886e-09	1.75515715867913e-06	'11/112	257.711903808862	RPS4X;RPL30;RPS9;RPS27;RPLP1;RPL37A;RPLP2;RPL13;RPL29;RPS13;SMG5
cotranslational protein targeting to membrane (GO:0006613)	GO_Biological_Process_2018	UP	3	7.858787884522e-09	2.84684591116809e-06	'10/93	272.344808150363	RPS4X;RPL30;RPS9;RPS27;RPLP1;RPL37A;RPLP2;RPL13;RPL29;RPS13
protein targeting to ER (GO:0045047)	GO_Biological_Process_2018	UP	3	1.18749968329757e-08	3.44137408219636e-06	'10/97	254.024341780187	RPS4X;RPL30;RPS9;RPS27;RPLP1;RPL37A;RPLP2;RPL13;RPL29;RPS13
nuclear-transcribed mRNA catabolic process (GO:0000956)	GO_Biological_Process_2018	UP	3	3.8799025206549e-08	8.32293159038487e-06	'12/174	154.396449318729	RPS4X;RPL30;RPS9;RPS27;RPLP1;RPL37A;RPLP2;RPL13;RPL29;RPS13;SMG5;ZFP36L1
viral gene expression (GO:0019080)	GO_Biological_Process_2018	UP	3	4.02073989873665e-08	8.32293159038487e-06	'10/110	206.095288610709	RPS4X;RPL30;RPS9;RPS27;RPLP1;RPL37A;RPLP2;RPL13;RPL29;RPS13
viral transcription (GO:0019083)	GO_Biological_Process_2018	UP	3	5.20588427520931e-08	9.42915789347287e-06	'10/113	197.027254376609	RPS4X;RPL30;RPS9;RPS27;RPLP1;RPL37A;RPLP2;RPL13;RPL29;RPS13
cellular response to metal ion (GO:0071248)	GO_Biological_Process_2018	UP	3	2.13208045704258e-07	3.43264953583855e-05	'9/100	182.825100744923	ITPKB;PRNP;MT2A;JUN;NLGN1;MT1M;MAPK1;B2M;MT1E
peptide biosynthetic process (GO:0043043)	GO_Biological_Process_2018	UP	3	3.50491561892658e-07	5.07862273182461e-05	'11/174	121.757454472918	EEF1A1;RPS4X;RPL30;RPS9;RPS27;RPLP1;RPL37A;RPLP2;RPL13;RPL29;RPS13
cellular protein metabolic process (GO:0044267)	GO_Biological_Process_2018	UP	3	1.0937677611784e-06	0.000144079044177046	'17/484	62.00876210264	RPL30;RPS9;CSF1;IGFBP5;RPLP1;EEF1A1;RPS4X;VCAN;RPS27;UBC;RPL37A;RPLP2;RPL13;RPL29;B2M;RPS13;SEC11C
rRNA metabolic process (GO:0016072)	GO_Biological_Process_2018	UP	3	1.39475459088378e-06	0.000168416616849217	'11/200	95.1246253593421	RPS4X;NOP56;RPL30;RPS9;RPS27;RPLP1;RPL37A;RPLP2;RPL13;RPL29;RPS13
rRNA processing (GO:0006364)	GO_Biological_Process_2018	UP	3	1.53743645142012e-06	0.000171365032162135	'11/202	93.4390666168223	RPS4X;NOP56;RPL30;RPS9;RPS27;RPLP1;RPL37A;RPLP2;RPL13;RPL29;RPS13
ribosome biogenesis (GO:0042254)	GO_Biological_Process_2018	UP	3	4.55613565960861e-06	0.000430415833435287	'11/226	76.1784547105654	RPS4X;NOP56;RPL30;RPS9;RPS27;RPLP1;RPL37A;RPLP2;RPL13;RPL29;RPS13
cellular response to cadmium ion (GO:0071276)	GO_Biological_Process_2018	UP	3	4.58662181136726e-06	0.000430415833435287	'5/29	301.867236625886	MT2A;JUN;MT1M;MAPK1;MT1E
ncRNA processing (GO:0034470)	GO_Biological_Process_2018	UP	3	4.75269381295003e-06	0.000430415833435287	'11/227	75.5615264411579	RPS4X;NOP56;RPL30;RPS9;RPS27;RPLP1;RPL37A;RPLP2;RPL13;RPL29;RPS13
translation (GO:0006412)	GO_Biological_Process_2018	UP	3	5.8508519126043e-06	0.000498699083609625	'11/232	72.5809476669238	EEF1A1;RPS4X;RPL30;RPS9;RPS27;RPLP1;RPL37A;RPLP2;RPL13;RPL29;RPS13
response to cadmium ion (GO:0046686)	GO_Biological_Process_2018	UP	3	6.47121116250608e-06	0.00052093249858174	'5/31	270.816465314864	MT2A;JUN;MT1M;MAPK1;MT1E
negative regulation of growth (GO:0045926)	GO_Biological_Process_2018	UP	3	9.83280979059092e-06	0.00074988112560875	'8/120	98.4024794659177	MT2A;SFRP2;MT1M;ENO1;APBB1;HSPA1B;MT1E;HSPA1A
chaperone-mediated protein complex assembly (GO:0051131)	GO_Biological_Process_2018	UP	3	1.17850856705549e-05	0.000853829456831703	'4/17	409.399474470653	HSP90AA1;CLU;HSPD1;HSPA1A
gene expression (GO:0010467)	GO_Biological_Process_2018	UP	3	1.42721183013703e-05	0.000984776162794553	'14/411	48.0804504947344	RPL30;RPS9;RPLP1;SMG5;HSPD1;EEF1A1;RPS4X;RPS27;RPL37A;SRSF3;RPLP2;RPL13;RPL29;RPS13
negative regulation of intrinsic apoptotic signaling pathway (GO:2001243)	GO_Biological_Process_2018	UP	3	1.58059397009326e-05	0.00104103666484779	'6/62	140.22938724965	SFRP2;HSPB1;ENO1;SOD2;CLU;HSPA1A
regulation of cell death (GO:0010941)	GO_Biological_Process_2018	UP	3	2.00225931494342e-05	0.00126142336841435	'7/96	101.175679862046	LRPAP1;JUN;JUND;CLU;CRYAB;HSPA1B;HSPA1A
response to cAMP (GO:0051591)	GO_Biological_Process_2018	UP	3	2.35327497610299e-05	0.00142078976682218	'5/40	179.358562553218	JUN;JUND;IGFBP5;SLC26A3;ZFP36L1
cellular response to copper ion (GO:0071280)	GO_Biological_Process_2018	UP	3	2.88456541063366e-05	0.00167189411200327	'4/21	288.318621020171	PRNP;MT2A;MT1M;MT1E
response to unfolded protein (GO:0006986)	GO_Biological_Process_2018	UP	3	3.37122560720761e-05	0.00187880996340147	'5/43	159.602269846488	HSP90AA1;HSPB1;HSPA1B;HSPD1;HSPA1A
protein stabilization (GO:0050821)	GO_Biological_Process_2018	UP	3	5.42688596016505e-05	0.00291242879862191	'8/152	65.0901566181255	HSP90AA1;ATP1B3;CLU;CRYAB;GAPDH;HSPA1B;HSPD1;HSPA1A
regulation of cellular response to heat (GO:1900034)	GO_Biological_Process_2018	UP	3	5.89181386902365e-05	0.00296516179718114	'6/78	96.0085267290341	HSP90AA1;MAPK1;FKBP4;CRYAB;HSPA1B;HSPA1A
response to copper ion (GO:0046688)	GO_Biological_Process_2018	UP	3	5.93441629525555e-05	0.00296516179718114	'4/25	217.250039345105	PRNP;MT2A;MT1M;MT1E
regulation of protein modification by small protein conjugation or removal (GO:1903320)	GO_Biological_Process_2018	UP	3	0.000215841405114923	0.0104251398670508	'3/14	268.341489699823	HSP90AA1;HSPA1B;HSPA1A
regulation of cellular response to stress (GO:0080135)	GO_Biological_Process_2018	UP	3	0.000289293786534863	0.0135221515060973	'6/104	58.9343382973336	HSP90AA1;MAPK1;FKBP4;CRYAB;HSPA1B;HSPA1A
negative regulation of gene expression (GO:0010629)	GO_Biological_Process_2018	UP	3	0.000320117981640075	0.0144953423561396	'15/618	24.3548217303384	TSC22D4;JUN;IGFBP5;PRMT2;EIF2AK2;ENO1;SFRP2;NACC1;ID1;ID3;ITGB8;GAPDH;RPS13;HSPA1B;HSPA1A
cellular macromolecule biosynthetic process (GO:0034645)	GO_Biological_Process_2018	UP	3	0.000364676275247074	0.0160126037222124	'11/367	29.4001247887255	EEF1A1;RPS4X;RPL30;RPS9;RPS27;RPLP1;RPL37A;RPLP2;RPL13;RPL29;RPS13
negative regulation of cellular amide metabolic process (GO:0034249)	GO_Biological_Process_2018	UP	3	0.000483736056583153	0.020541213205338	'5/75	64.1260067033514	PRNP;IGFBP5;EIF2AK2;CLU;GAPDH
cellular response to oxidative stress (GO:0034599)	GO_Biological_Process_2018	UP	3	0.000496164570177247	0.020541213205338	'6/115	49.4511119537738	JUN;MAPK1;SOD2;PRDX6;HSPA1B;HSPA1A
negative regulation of protein metabolic process (GO:0051248)	GO_Biological_Process_2018	UP	3	0.000512862875691642	0.0206427307465886	'4/43	90.9749868082995	PRNP;APBB1;CLU;CRYAB
neuron projection morphogenesis (GO:0048812)	GO_Biological_Process_2018	UP	3	0.000551372785975469	0.0212239616914125	'7/163	39.8962882355699	LINGO1;NLGN1;MAP1B;S100A6;APBB1;S100B;DCLK1
cellular response to zinc ion (GO:0071294)	GO_Biological_Process_2018	UP	3	0.00055659802917438	0.0212239616914125	'3/19	163.739384430846	MT2A;MT1M;MT1E
negative regulation of mitotic cell cycle phase transition (GO:1901991)	GO_Biological_Process_2018	UP	3	0.00061437427236574	0.0228263671963579	'5/79	58.7482236100977	PSMA4;PRMT2;UBC;PSMA7;ZFP36L1
ERBB signaling pathway (GO:0038127)	GO_Biological_Process_2018	UP	3	0.000650802377488646	0.0235753161245262	'5/80	57.5104916927166	HSP90AA1;UBC;PLCE1;MAPK1;BCAR1
regulation of mRNA stability (GO:0043488)	GO_Biological_Process_2018	UP	3	0.000872232573002785	0.0308259755678301	'6/128	40.8788578828507	PSMA4;UBC;HSPB1;PSMA7;ZFP36L1;HSPA1A
negative regulation of cellular protein metabolic process (GO:0032269)	GO_Biological_Process_2018	UP	3	0.00105573335196873	0.035119834624452	'5/89	47.9411274511222	CSTB;NELL1;IGFBP5;EIF2AK2;GAPDH
peptidyl-threonine modification (GO:0018210)	GO_Biological_Process_2018	UP	3	0.00105573335196873	0.035119834624452	'5/89	47.9411274511222	PNCK;GALNT15;MAPK1;DCLK1;MAP3K12
positive regulation of ATP biosynthetic process (GO:2001171)	GO_Biological_Process_2018	UP	3	0.00109067809392708	0.035119834624452	'2/6	395.356152862781	TMSB4X;ENO1
regulation of microtubule nucleation (GO:0010968)	GO_Biological_Process_2018	UP	3	0.00109067809392708	0.035119834624452	'2/6	395.356152862781	HSPA1B;HSPA1A
positive regulation of purine nucleotide biosynthetic process (GO:1900373)	GO_Biological_Process_2018	UP	3	0.00112626252409394	0.0354772695089592	'3/24	112.991576097995	TMSB4X;ENO1;RAMP1
cytoplasmic translation (GO:0002181)	GO_Biological_Process_2018	UP	3	0.00122077632964001	0.0365311551157269	'4/54	62.8020932113036	RPL30;RPLP1;RPLP2;RPL29
glycolytic process through glucose-6-phosphate (GO:0061620)	GO_Biological_Process_2018	UP	3	0.0012717521574937	0.0365311551157269	'3/25	105.920100335746	TPI1;ENO1;GAPDH
canonical glycolysis (GO:0061621)	GO_Biological_Process_2018	UP	3	0.0012717521574937	0.0365311551157269	'3/25	105.920100335746	TPI1;ENO1;GAPDH
glucose catabolic process to pyruvate (GO:0061718)	GO_Biological_Process_2018	UP	3	0.0012717521574937	0.0365311551157269	'3/25	105.920100335746	TPI1;ENO1;GAPDH
cellular transition metal ion homeostasis (GO:0046916)	GO_Biological_Process_2018	UP	3	0.00128577564589515	0.0365311551157269	'5/93	44.4367369923175	PRNP;MT2A;MT1M;UBC;MT1E
axon development (GO:0061564)	GO_Biological_Process_2018	UP	3	0.00134864725196314	0.0375805743864343	'5/94	43.6201168221452	LINGO1;MAP1B;S100A6;APBB1;S100B
regulation of tumor necrosis factor-mediated signaling pathway (GO:0010803)	GO_Biological_Process_2018	UP	3	0.00139893225703441	0.0382462800083558	'4/56	59.1543968075892	UBC;HIPK1;HSPA1B;HSPA1A
regulation of muscle contraction (GO:0006937)	GO_Biological_Process_2018	UP	3	0.00142854727999184	0.0383326853464477	'3/26	99.5431685869244	PLCE1;ENO1;PPP1R12B
positive regulation of tumor necrosis factor-mediated signaling pathway (GO:1903265)	GO_Biological_Process_2018	UP	3	0.00151827162504342	0.0385960628892617	'2/7	300.931932352567	HSPA1B;HSPA1A
negative regulation of osteoblast proliferation (GO:0033689)	GO_Biological_Process_2018	UP	3	0.00151827162504342	0.0385960628892617	'2/7	300.931932352567	NELL1;EIF2AK2
outer mitochondrial membrane organization (GO:0007008)	GO_Biological_Process_2018	UP	3	0.00151827162504342	0.0385960628892617	'2/7	300.931932352567	HSP90AA1;TOMM7
cell morphogenesis involved in neuron differentiation (GO:0048667)	GO_Biological_Process_2018	UP	3	0.00155089596379237	0.0387456595092265	'5/97	41.2992316971851	LINGO1;MAP1B;S100A6;APBB1;S100B
regulation of defense response to virus by virus (GO:0050690)	GO_Biological_Process_2018	UP	3	0.00177730405027811	0.0436493825229318	'3/28	88.5171434916437	AP1S2;EIF2AK2;B2M
regulation of cell growth (GO:0001558)	GO_Biological_Process_2018	UP	3	0.00186580442132482	0.0441431901518605	'7/201	26.8173227331151	SFRP2;PLCE1;ENO1;APBB1;BCAR1;HSPA1B;HSPA1A
regulation of G2/M transition of mitotic cell cycle (GO:0010389)	GO_Biological_Process_2018	UP	3	0.00190282404650575	0.0441431901518605	'6/149	30.9808050623757	HSP90AA1;TUBA1A;PSMA4;UBC;PSMA7;RAB11A
positive regulation of monocyte differentiation (GO:0045657)	GO_Biological_Process_2018	UP	3	0.00201286475611298	0.0441431901518605	'2/8	239.868731491562	CSF1;ZFP36L1
regulation of chaperone-mediated autophagy (GO:1904714)	GO_Biological_Process_2018	UP	3	0.00201286475611298	0.0441431901518605	'2/8	239.868731491562	EEF1A1;GFAP
negative regulation of protein homooligomerization (GO:0032463)	GO_Biological_Process_2018	UP	3	0.00201286475611298	0.0441431901518605	'2/8	239.868731491562	CLU;CRYAB
regulation of ATP biosynthetic process (GO:2001169)	GO_Biological_Process_2018	UP	3	0.00201286475611298	0.0441431901518605	'2/8	239.868731491562	TMSB4X;ENO1
regulation of amyloid fibril formation (GO:1905906)	GO_Biological_Process_2018	UP	3	0.00201286475611298	0.0441431901518605	'2/8	239.868731491562	CLU;CRYAB
stress-activated MAPK cascade (GO:0051403)	GO_Biological_Process_2018	UP	3	0.00204112749494455	0.0441431901518605	'4/62	49.9711022963537	UBC;MAPK1;ZFP36L1;MAP3K12
cellular response to cAMP (GO:0071320)	GO_Biological_Process_2018	UP	3	0.00217492801249792	0.0463451572074925	'3/30	79.3392433407114	IGFBP5;SLC26A3;ZFP36L1
cellular zinc ion homeostasis (GO:0006882)	GO_Biological_Process_2018	UP	3	0.00239276878011155	0.049530313748309	'3/31	75.3107053610453	MT2A;MT1M;MT1E
zinc ion homeostasis (GO:0055069)	GO_Biological_Process_2018	UP	3	0.00239276878011155	0.049530313748309	'3/31	75.3107053610453	MT2A;MT1M;MT1E
RNA binding (GO:0003723)	GO_Molecular_Function_2018	UP	3	2.18953493282334e-09	5.78037222265362e-07	'36/1387	71.6556552938701	CSTB;RPL30;AHNAK;PEBP1;HSPB1;ENO1;MRPS30;SMG5;ZFP36L1;HSPD1;RPS4X;SNRPD2;CSRP1;ZC3H7B;TMSB4X;UBC;LUC7L;RPL13;SEC61B;RPS13;NOP56;PNISR;RPS9;JUN;HSP90AA1;EIF2AK2;EEF1A1;RPS27;EIF3L;RPL37A;SRSF3;RPL29;FKBP4;HSPA1B;PLEC;HSPA1A
amyloid-beta binding (GO:0001540)	GO_Molecular_Function_2018	UP	3	2.02920353365734e-07	2.67854866442769e-05	'7/49	306.120279534231	LRPAP1;PRNP;NLGN1;ITGA2;APBB1;CLU;CRYAB
ubiquitin protein ligase binding (GO:0031625)	GO_Molecular_Function_2018	UP	3	0.00018940303577627	0.0166674671483117	'10/284	37.5265655080642	JUN;TPI1;UBC;CLU;PRDX6;SMG5;HSPA1B;ACTG1;HSPD1;HSPA1A
ubiquitin-like protein ligase binding (GO:0044389)	GO_Molecular_Function_2018	UP	3	0.0002711311772385	0.017894657697741	'10/297	34.3045720520077	JUN;TPI1;UBC;CLU;PRDX6;SMG5;HSPA1B;ACTG1;HSPD1;HSPA1A
disordered domain specific binding (GO:0097718)	GO_Molecular_Function_2018	UP	3	0.000991752404678966	0.0479898361327915	'3/23	120.869952637538	HSP90AA1;GAPDH;HSPA1A
C3HC4-type RING finger domain binding (GO:0055131)	GO_Molecular_Function_2018	UP	3	0.00109067809392708	0.0479898361327915	'2/6	395.356152862781	HSPA1B;HSPA1A
focal adhesion (GO:0005925)	GO_Cellular_Component_2018	UP	3	2.06279668386759e-09	3.40361452838153e-07	'18/356	133.914114667012	RPL30;RPS9;AHNAK;RPLP1;ITGA2;HSPB1;ACTG1;RPS4X;CSRP1;RPL37A;RPLP2;MAPK1;B2M;RPS13;BCAR1;HSPA1B;PLEC;HSPA1A
cytosolic ribosome (GO:0022626)	GO_Cellular_Component_2018	UP	3	1.26091213246244e-07	1.04025250928152e-05	'10/124	168.531831258891	RPS4X;RPL30;RPS9;RPS27;RPLP1;RPL37A;RPLP2;RPL13;RPL29;RPS13
cytosolic part (GO:0044445)	GO_Cellular_Component_2018	UP	3	1.27067775802043e-06	6.98872766911238e-05	'10/159	109.996188693409	RPS4X;RPL30;RPS9;RPS27;RPLP1;RPL37A;RPLP2;RPL13;RPL29;RPS13
ribosome (GO:0005840)	GO_Cellular_Component_2018	UP	3	4.2451723750927e-06	0.000175113360472574	'7/76	149.363333253078	RPS4X;RPL30;RPS9;RPS27;RPL13;EIF2AK2;RPS13
cytosolic large ribosomal subunit (GO:0022625)	GO_Cellular_Component_2018	UP	3	2.93203536231779e-05	0.000967571669564871	'6/69	117.639798374478	RPL30;RPLP1;RPL37A;RPLP2;RPL13;RPL29
large ribosomal subunit (GO:0015934)	GO_Cellular_Component_2018	UP	3	3.74049555957387e-05	0.00102863627888282	'6/72	109.655879769325	RPL30;RPLP1;RPL37A;RPLP2;RPL13;RPL29
ficolin-1-rich granule lumen (GO:1904813)	GO_Cellular_Component_2018	UP	3	9.81528170361433e-05	0.00231360211585195	'7/123	66.1293962691257	EEF1A1;CSTB;HSP90AA1;TIMP2;MAPK1;HSPA1B;HSPA1A
perinuclear region of cytoplasm (GO:0048471)	GO_Cellular_Component_2018	UP	3	0.000115843850249399	0.00238927941139386	'12/378	35.9189994339006	NELL1;MT2A;CSF1;MT1M;S100A6;EIF2AK2;S100B;CLU;PRDX6;HSPA1B;MT1E;HSPA1A
vacuolar lumen (GO:0005775)	GO_Cellular_Component_2018	UP	3	0.0005122097717227	0.00939051248158283	'7/161	40.8154217624699	HSP90AA1;VCAN;PSAP;MAPK1;GYG2;PRDX6;GPC6
cytosolic small ribosomal subunit (GO:0022627)	GO_Cellular_Component_2018	UP	3	0.000845748232922839	0.013565915565944	'4/49	73.6164964240829	RPS4X;RPS9;RPS27;RPS13
lysosomal lumen (GO:0043202)	GO_Cellular_Component_2018	UP	3	0.000904394371062934	0.013565915565944	'5/86	50.8468572126601	HSP90AA1;VCAN;PSAP;GYG2;GPC6
ficolin-1-rich granule (GO:0101002)	GO_Cellular_Component_2018	UP	3	0.00112427600107458	0.0144431663266109	'7/184	31.7898451943705	EEF1A1;CSTB;HSP90AA1;TIMP2;MAPK1;HSPA1B;HSPA1A
small ribosomal subunit (GO:0015935)	GO_Cellular_Component_2018	UP	3	0.00113794643785419	0.0144431663266109	'4/53	64.7582497589396	RPS4X;RPS9;RPS27;RPS13
secretory granule lumen (GO:0034774)	GO_Cellular_Component_2018	UP	3	0.00180715755416545	0.0207576677974151	'9/317	21.9658308932788	EEF1A1;CSTB;HSP90AA1;TMSB4X;TIMP2;MAPK1;CLU;B2M;PRDX6
cytoskeleton (GO:0005856)	GO_Cellular_Component_2018	UP	3	0.00194602449212396	0.0207576677974151	'12/520	17.6928480744201	TUBA1A;AHNAK;SNTG1;DSTN;HSPB1;MAPK1;CLU;GAPDH;INA;SYN1;ACTG1;PLEC
apical dendrite (GO:0097440)	GO_Cellular_Component_2018	UP	3	0.00201286475611298	0.0207576677974151	'2/8	239.868731491562	MAP1B;CLU
regulation of filopodium assembly (GO:0051489)	GO_Biological_Process_2018	DOWN	3	1.20629349151228e-05	0.008347550961265	'4/36	375.417240548504	GPM6A;NRP1;TENM2;MYO10
positive regulation of filopodium assembly (GO:0051491)	GO_Biological_Process_2018	DOWN	3	0.000128135237525544	0.0417411751419004	'3/25	319.993925808614	GPM6A;NRP1;TENM2
calcium ion import (GO:0070509)	GO_Biological_Process_2018	DOWN	3	0.000180958851771245	0.0417411751419004	'3/28	270.708354890269	CATSPER2;CACNA1A;ATP2A2
anterograde trans-synaptic signaling (GO:0098916)	GO_Biological_Process_2018	DOWN	3	0.000375362786107242	0.0489881447378234	'6/240	54.542861644271	GRM3;GRIA2;NRXN1;KCNQ3;SLC1A2;CACNA1A
glutamate receptor signaling pathway (GO:0007215)	GO_Biological_Process_2018	DOWN	3	0.000385533714148766	0.0489881447378234	'3/36	187.006243407475	GRM3;GRIA2;PLCB1
phosphatidylinositol-3-phosphate biosynthetic process (GO:0036092)	GO_Biological_Process_2018	DOWN	3	0.000424752700038931	0.0489881447378234	'2/8	669.351205717539	PIK3C2A;PIK3C2B
GTPase activator activity (GO:0005096)	GO_Molecular_Function_2018	DOWN	3	5.06684573652608e-08	7.85361089161543e-06	'10/249	200.483593022632	PREX2;NRP1;RANBP1;ADGRB3;ASAP2;SRGAP3;PLCB1;HACD3;ARHGAP24;RGS7
GTPase regulator activity (GO:0030695)	GO_Molecular_Function_2018	DOWN	3	1.28243718427635e-07	9.93888817814174e-06	'10/275	170.592078751824	PREX2;NRP1;RANBP1;ADGRB3;ASAP2;SRGAP3;PLCB1;HACD3;ARHGAP24;RGS7
1-phosphatidylinositol-4-phosphate 3-kinase activity (GO:0035005)	GO_Molecular_Function_2018	DOWN	3	0.000319382518408457	0.0165014301177703	'2/7	832.759973801773	PIK3C2A;PIK3C2B
sodium:amino acid symporter activity (GO:0005283)	GO_Molecular_Function_2018	DOWN	3	0.000990989792794458	0.0384008544707853	'2/12	357.715664179326	SLC1A2;SLC6A11
phosphatidylinositol phosphate kinase activity (GO:0016307)	GO_Molecular_Function_2018	DOWN	3	0.00156450729542256	0.0467814251016489	'2/15	256.961737615921	PIK3C2A;PIK3C2B
metal ion binding (GO:0046872)	GO_Molecular_Function_2018	DOWN	3	0.00181089387490254	0.0467814251016489	'7/442	27.4978710482793	KCNIP1;CDH20;NRXN1;IDH2;ATP2A2;SEPT4;ADGRL3
integral component of plasma membrane (GO:0005887)	GO_Cellular_Component_2018	DOWN	3	0.000163113344278981	0.0114179340995286	'16/1463	28.2775237926577	GRIA2;TENM2;CADM2;NRXN1;SLC1A2;ATP2A2;SLC6A11;MERTK;PTPRG;GRM3;SLCO1C1;ADGRG1;FLRT2;KCNQ3;GPC5;ADGRL3
protein targeting to ER (GO:0045047)	GO_Biological_Process_2018	UP	4	8.53094610596455e-64	1.53642339368422e-60	'50/97	10866.4361215848	RPL30;RPL32;RPL34;RPLP1;MRPS12;SRP14;RPL8;RPL6;RPL7;RPS15;RPS4X;RPS14;RPL7A;RPS17;RPS16;SEC61G;RPLP2;SEC62;RPS11;RPS13;RPL21;RPS8;RPL23;RPS6;RPL13A;RPSA;RPL37A;RPL24;RPL27;RPL29;RPL28;RPL10;RPL12;RPL11;RPL13;RPL15;RPS2;RPL18;RPS27A;RPL19;RPL41;RPL23A;RPS25;RPS28;RPS27;SPCS1;RPL27A;RPS20;RPS24;RPS23
cotranslational protein targeting to membrane (GO:0006613)	GO_Biological_Process_2018	UP	4	2.81756233132721e-61	2.53721487936016e-58	'48/93	10386.8758681302	RPL30;RPL32;RPL10;RPL34;RPLP1;RPL12;MRPS12;RPL11;SRP14;RPL8;RPL6;RPL7;RPS4X;RPS15;RPL7A;RPS14;RPS17;RPS16;RPLP2;RPL13;RPL15;RPS2;SEC62;RPS11;RPL18;RPS27A;RPS13;RPL19;RPL41;RPL21;RPS8;RPL23;RPS6;RPL13A;RPSA;RPL23A;RPS25;RPS28;RPS27;RPL27A;RPL37A;RPL24;RPL27;RPS20;RPL29;RPL28;RPS24;RPS23
SRP-dependent cotranslational protein targeting to membrane (GO:0006614)	GO_Biological_Process_2018	UP	4	1.2102848056254e-60	7.26574311643781e-58	'47/89	10746.4296060373	RPL30;RPL32;RPL10;RPL34;RPLP1;RPL12;MRPS12;RPL11;SRP14;RPL8;RPL6;RPL7;RPS4X;RPS15;RPL7A;RPS14;RPS17;RPS16;RPLP2;RPL13;RPL15;RPS2;RPS11;RPL18;RPS27A;RPS13;RPL19;RPL41;RPL21;RPS8;RPL23;RPS6;RPL13A;RPSA;RPL23A;RPS25;RPS28;RPS27;RPL27A;RPL37A;RPL24;RPL27;RPS20;RPL29;RPL28;RPS24;RPS23
nuclear-transcribed mRNA catabolic process, nonsense-mediated decay (GO:0000184)	GO_Biological_Process_2018	UP	4	1.79164819958923e-54	8.06689601865052e-52	'47/112	6221.45932309914	RPL30;RPL32;RPL10;RPL34;RPLP1;RPL12;MRPS12;RPL11;RPL8;RPL6;RPL7;RPS15;RPS4X;RPS14;RPL7A;RPS17;RPS16;RPLP2;RPL13;RPL15;RPS2;RPS11;RPL18;RPS27A;RPS13;RPL19;RPL41;RPL21;RPS8;RPL23;RPS6;RPL13A;RPSA;RPL23A;PNRC1;RPS25;RPS28;RPS27;RPL27A;RPL37A;RPL24;RPL27;RPS20;RPL29;RPL28;RPS24;RPS23
viral gene expression (GO:0019080)	GO_Biological_Process_2018	UP	4	3.1404823235968e-53	1.13120173295957e-50	'46/110	6020.08203525511	RPL30;RPL32;RPL10;RPL34;RPLP1;RPL12;MRPS12;RPL11;RPL8;RPL6;RPL7;RPS15;RPS4X;RPS14;RPL7A;RPS17;RPS16;RPLP2;RPL13;RPL15;RPS2;RPS11;RPL18;RPS27A;RPS13;RPL19;RPL41;RPL21;RPS8;RPL23;RPS6;RPL13A;RPSA;RPL23A;RPS25;RPS28;RPS27;RPL27A;RPL37A;RPL24;RPL27;RPS20;RPL29;RPL28;RPS24;RPS23
viral transcription (GO:0019083)	GO_Biological_Process_2018	UP	4	1.47196585799202e-52	4.41835085040605e-50	'46/113	5676.17530354718	RPL30;RPL32;RPL10;RPL34;RPLP1;RPL12;MRPS12;RPL11;RPL8;RPL6;RPL7;RPS15;RPS4X;RPS14;RPL7A;RPS17;RPS16;RPLP2;RPL13;RPL15;RPS2;RPS11;RPL18;RPS27A;RPS13;RPL19;RPL41;RPL21;RPS8;RPL23;RPS6;RPL13A;RPSA;RPL23A;RPS25;RPS28;RPS27;RPL27A;RPL37A;RPL24;RPL27;RPS20;RPL29;RPL28;RPS24;RPS23
peptide biosynthetic process (GO:0043043)	GO_Biological_Process_2018	UP	4	3.9352519950048e-51	1.01248412042909e-48	'52/174	3491.22496782225	RPL30;RPL32;RPL34;RPLP1;MRPS12;RPL8;RPL6;RPL7;RPS15;RPS4X;RPS14;RPL7A;RPS17;RPS16;RPLP2;RPS11;RPS13;RPL21;RPS8;RPL23;RPS6;MRPS18B;RPL13A;RPSA;MRPS18C;EEF1A1;RPL37A;RPL24;RPL27;RPL29;RPL28;RPL10;RPL12;RPL11;RPL13;RPL15;RPS2;RPL18;RPS27A;RPL19;RPL41;MRPL27;RPL23A;RPS25;RSL1D1;RPS28;RPS27;RPL27A;RPS20;RSL24D1;RPS24;RPS23
translation (GO:0006412)	GO_Biological_Process_2018	UP	4	1.27075481855613e-46	2.60967056676377e-44	'54/232	2272.5303269035	RPL30;RPL32;RPL34;RPLP1;MRPS12;RPL8;RPL6;RPL7;RPS15;RPS4X;RPS14;RPL7A;RPS17;RPS16;RPLP2;RPS11;RPS13;RPL21;RPS8;RPL23;RPS6;MRPS18B;RPL13A;RPSA;MRPS18C;EEF1A1;PPA1;RPL37A;RPL24;RPL27;RPL29;RPL28;RPL10;RPL12;RPL11;MRPS34;RPL13;RPL15;RPS2;RPL18;RPS27A;RPL19;RPL41;MRPL27;RPL23A;RPS25;RSL1D1;RPS28;RPS27;RPL27A;RPS20;RSL24D1;RPS24;RPS23
viral process (GO:0016032)	GO_Biological_Process_2018	UP	4	1.30411077739445e-46	2.60967056676377e-44	'53/220	2369.50403640835	RPL30;RPL32;RPL34;RPLP1;MRPS12;RPL8;RPL6;RPL7;RPS15;RPS4X;RPS14;RPL7A;RPS17;RPS16;AP1S1;RPLP2;RPS11;B2M;RPS13;RPL21;RPS8;RPL23;RPS6;RPL13A;RPSA;RRAGA;RPL37A;RPL24;RPL27;RPL29;RPL28;CHMP5;RPL10;RPL12;RPL11;UBB;UBC;RPL13;APOE;RPL15;RPS2;RPL18;RPS27A;RPL19;RPL41;RPL23A;RPS25;RPS28;RPS27;RPL27A;RPS20;RPS24;RPS23
nuclear-transcribed mRNA catabolic process (GO:0000956)	GO_Biological_Process_2018	UP	4	2.56162895774378e-45	4.61349375289654e-43	'48/174	2720.61857894312	RPL30;DDX5;RPL32;RPL10;RPL34;RPLP1;RPL12;MRPS12;RPL11;RPL8;RPL6;RPL7;RPS15;RPS4X;RPS14;RPL7A;RPS17;RPS16;RPLP2;RPL13;RPL15;RPS2;RPS11;RPL18;RPS27A;RPS13;RPL19;RPL41;RPL21;RPS8;RPL23;RPS6;RPL13A;RPSA;RPL23A;PNRC1;RPS25;RPS28;RPS27;RPL27A;RPL37A;RPL24;RPL27;RPS20;RPL29;RPL28;RPS24;RPS23
rRNA processing (GO:0006364)	GO_Biological_Process_2018	UP	4	6.63176916076433e-42	1.08580147804878e-39	'48/202	2052.6367744505	RPL30;RPL32;RPL10;RPL34;RPLP1;RPL12;MRPS12;RPL11;RPL8;RPL6;RPL7;RPS15;RPS4X;RPS14;RPL7A;RPS17;RPS16;RPLP2;RPL13;RPL15;RPS2;RPS11;RPL18;RPS27A;RPS13;RPL19;RPL41;RPL21;RPS8;RPL23;RPS6;RPL13A;RPSA;RPL23A;RPS25;RSL1D1;RPS28;RPS27;RPL27A;RPL37A;SBDS;RPL24;RPL27;RPS20;RPL29;RPL28;RPS24;RPS23
rRNA metabolic process (GO:0016072)	GO_Biological_Process_2018	UP	4	8.60858090279914e-41	1.29200451716177e-38	'47/200	1961.43630720606	RPL30;RPL32;RPL10;RPL34;RPLP1;RPL12;MRPS12;RPL11;RPL8;RPL6;RPL7;RPS15;RPS4X;RPS14;RPL7A;RPS17;RPS16;RPLP2;RPL13;RPL15;RPS2;RPS11;RPL18;RPS27A;RPS13;RPL19;RPL41;RPL21;RPS8;RPL23;RPS6;RPL13A;RPSA;RPL23A;RPS25;RPS28;RPS27;RPL27A;RPL37A;SBDS;RPL24;RPL27;RPS20;RPL29;RPL28;RPS24;RPS23
cellular protein metabolic process (GO:0044267)	GO_Biological_Process_2018	UP	4	2.39914651266929e-40	3.32374066870569e-38	'65/484	1032.05014078288	RPL30;RPL32;RPL34;RPLP1;MRPS12;RPL8;RPL6;RPL7;RPS15;RPS4X;RPS14;RPL7A;RPS17;RPS16;RPLP2;RPS11;B2M;RPS13;RPL21;RPS8;FBXO2;RPL23;RPS6;MRPS18B;RPL13A;RPSA;MRPS18C;EEF1A1;RPL37A;SPARCL1;RPL24;RPL27;SCG3;RPL29;RPL28;RPL10;RPL12;RPL11;TGOLN2;CST3;UBB;UBC;RPL13;APOE;RPL15;RPS2;RPS27A;RPL18;RPL19;SEC11C;RPL41;MRPL27;RPL23A;RPS25;RSL1D1;RPS28;RPS27;SPCS1;RPL27A;CPE;RPS20;RSL24D1;ITM2B;RPS24;RPS23
ribosome biogenesis (GO:0042254)	GO_Biological_Process_2018	UP	4	3.87929768631611e-38	4.9904393807538e-36	'47/226	1563.39958823672	RPL30;RPL32;RPL10;RPL34;RPLP1;RPL12;MRPS12;RPL11;RPL8;RPL6;RPL7;RPS15;RPS4X;RPS14;RPL7A;RPS17;RPS16;RPLP2;RPL13;RPL15;RPS2;RPS11;RPL18;RPS27A;RPS13;RPL19;RPL41;RPL21;RPS8;RPL23;RPS6;RPL13A;RPSA;RPL23A;RPS25;RPS28;RPS27;RPL27A;RPL37A;SBDS;RPL24;RPL27;RPS20;RPL29;RPL28;RPS24;RPS23
ncRNA processing (GO:0034470)	GO_Biological_Process_2018	UP	4	4.82408876928658e-38	5.79212258232342e-36	'47/227	1550.70056121942	RPL30;RPL32;RPL10;RPL34;RPLP1;RPL12;MRPS12;RPL11;RPL8;RPL6;RPL7;RPS15;RPS4X;RPS14;RPL7A;RPS17;RPS16;RPLP2;RPL13;RPL15;RPS2;RPS11;RPL18;RPS27A;RPS13;RPL19;RPL41;RPL21;RPS8;RPL23;RPS6;RPL13A;RPSA;RPL23A;RPS25;RPS28;RPS27;RPL27A;RPL37A;SBDS;RPL24;RPL27;RPS20;RPL29;RPL28;RPS24;RPS23
gene expression (GO:0010467)	GO_Biological_Process_2018	UP	4	4.92751510461378e-35	5.54653418963088e-33	'56/411	881.692942423646	RPL30;RPL32;RPL34;RPLP1;MRPS12;RPL8;RPL6;RPL7;RPS15;RPS4X;RPS14;RPL7A;RPS17;RPS16;RPLP2;RPS11;RPS13;RPL21;RPS8;RPL23;RPS6;MRPS18B;RPL13A;RPSA;MRPS18C;EEF1A1;RPL37A;SNRPG;RPL24;RPL27;RPL29;RPL28;PTMA;SRSF7;RPL10;RPL12;RPL11;HSPD1;RPL13;RPL15;RPS2;RPS27A;RPL18;RPL19;RPL41;MRPL27;RPL23A;RPS25;RSL1D1;RPS28;RPS27;RPL27A;RPS20;RSL24D1;RPS24;RPS23
cellular macromolecule biosynthetic process (GO:0034645)	GO_Biological_Process_2018	UP	4	1.84195676460946e-34	1.95139066650684e-32	'53/367	919.534430561854	RPL30;RPL32;RPL34;RPLP1;MRPS12;RPL8;RPL6;RPL7;RPS15;RPS4X;RPS14;RPL7A;RPS17;RPS16;RPLP2;RPS11;RPS13;RPL21;RPS8;RPL23;RPS6;MRPS18B;RPL13A;RPSA;MRPS18C;EEF1A1;RPL37A;RPL24;RPL27;RPL29;RPL28;PTMA;RPL10;RPL12;RPL11;RPL13;RPL15;RPS2;RPS27A;RPL18;RPL19;RPL41;MRPL27;RPL23A;RPS25;RSL1D1;RPS28;RPS27;RPL27A;RPS20;RSL24D1;RPS24;RPS23
cytoplasmic translation (GO:0002181)	GO_Biological_Process_2018	UP	4	2.76985557093539e-19	2.77139437958591e-17	'18/54	1348.89045721908	RPL30;RPL41;RPL32;RPLP1;RPL11;RPL8;RPL6;RPL7;RPS28;RPL27A;RPLP2;RPL24;RPS20;RPL15;RPL29;RPL18;RPL19;RPS23
ribosome assembly (GO:0042255)	GO_Biological_Process_2018	UP	4	1.12368477760632e-14	1.06513488656263e-12	'15/56	734.62868983379	RPL10;RPL12;RPL11;RPS27L;RPSA;RPL23A;RPL6;RPS15;RPS14;RPS17;RPS28;RPS27;SBDS;RPL24;RSL24D1
respiratory electron transport chain (GO:0022904)	GO_Biological_Process_2018	UP	4	1.42128514641682e-14	1.27986727434835e-12	'18/94	475.800802978316	COX7B;NDUFA6;UQCRB;NDUFA12;NDUFB5;NDUFA4;COX4I1;NDUFB4;ETFB;UQCR10;COX5B;COX6C;COX7C;COX6B1;UQCRQ;NDUFAB1;UQCRFS1;CYCS
mitochondrial ATP synthesis coupled electron transport (GO:0042775)	GO_Biological_Process_2018	UP	4	3.63526526918384e-14	3.11767273800004e-12	'17/85	486.077577872446	COX7B;NDUFA6;UQCRB;NDUFA12;NDUFB5;NDUFA4;COX4I1;NDUFB4;UQCR10;COX5B;COX6C;COX7C;COX6B1;UQCRQ;NDUFAB1;UQCRFS1;CYCS
ribonucleoprotein complex assembly (GO:0022618)	GO_Biological_Process_2018	UP	4	1.21596520043459e-11	9.95433329992131e-10	'19/156	219.636790872491	HSP90AA1;RPL10;RPL12;RPL11;RPS27L;RPSA;RPL23A;PRPF19;RPL6;LSM3;RPS15;RPS14;RPS17;RPS28;RPS27;SNRPG;RPL24;RSL24D1;RPS23
cellular transition metal ion homeostasis (GO:0046916)	GO_Biological_Process_2018	UP	4	3.12098226889866e-11	2.44386481142891e-09	'15/93	290.27456975973	PRNP;ATP6V1G1;MT1M;MT3;SOD1;MT2A;CAND1;UBB;FTH1;UBC;MT1G;RPS27A;SKP1;MT1E;FTL
mitochondrial electron transport, cytochrome c to oxygen (GO:0006123)	GO_Biological_Process_2018	UP	4	8.31857792588301e-10	6.24239951854804e-08	'8/21	787.916367609658	COX7B;NDUFA4;COX4I1;CYCS;COX5B;COX6C;COX7C;COX6B1
ribosomal small subunit biogenesis (GO:0042274)	GO_Biological_Process_2018	UP	4	1.91312740456866e-09	1.37821698225126e-07	'10/44	363.455170431107	RPS15;RPS14;RPS17;RPS28;RPS16;RPS27;RPS6;RPS27L;RPSA;RPS24
ribosomal small subunit assembly (GO:0000028)	GO_Biological_Process_2018	UP	4	1.30040901973303e-08	9.00783324822761e-07	'7/19	646.681448044891	RPS15;RPS14;RPS17;RPS28;RPS27;RPS27L;RPSA
response to unfolded protein (GO:0006986)	GO_Biological_Process_2018	UP	4	2.72644992013281e-08	1.81864307635525e-06	'9/43	282.930046506475	HSPA8;HSP90AA1;HSPH1;HSPA5;HSPB1;HSPA2;HSPA1B;HSPD1;HSPA1A
iron ion homeostasis (GO:0055072)	GO_Biological_Process_2018	UP	4	7.47305249812642e-08	4.64102329280196e-06	'10/63	190.405844793084	ATP6V1G1;CAND1;UBB;FTH1;UBC;RPS27A;B2M;SKP1;FTL;SOD1
ribosomal large subunit biogenesis (GO:0042273)	GO_Biological_Process_2018	UP	4	7.47305249812642e-08	4.64102329280196e-06	'10/63	190.405844793084	RPL7A;RSL1D1;RPL10;RPL12;RPL11;RPL24;RPL23A;RSL24D1;RPL6;RPL7
neutrophil degranulation (GO:0043312)	GO_Biological_Process_2018	UP	4	1.14545678106954e-07	6.87655887568748e-06	'26/479	58.1808111529329	CSTB;CD63;TMEM179B;GSTP1;SRP14;CST3;CAND1;FTH1;PSMB1;PSAP;CD59;METTL7A;B2M;HSPA8;HSP90AA1;NHLRC3;PTGES2;DYNLL1;TUBB4B;PRDX6;EEF1A1;NPC2;ALDOA;HSPA1B;HSPA1A;FTL
neutrophil activation involved in immune response (GO:0002283)	GO_Biological_Process_2018	UP	4	1.34771381737359e-07	7.82978253254787e-06	'26/483	57.0729293371883	CSTB;CD63;TMEM179B;GSTP1;SRP14;CST3;CAND1;FTH1;PSMB1;PSAP;CD59;METTL7A;B2M;HSPA8;HSP90AA1;NHLRC3;PTGES2;DYNLL1;TUBB4B;PRDX6;EEF1A1;NPC2;ALDOA;HSPA1B;HSPA1A;FTL
neutrophil mediated immunity (GO:0002446)	GO_Biological_Process_2018	UP	4	1.58269978734472e-07	8.90763224064949e-06	'26/487	55.9912511019406	CSTB;CD63;TMEM179B;GSTP1;SRP14;CST3;CAND1;FTH1;PSMB1;PSAP;CD59;METTL7A;B2M;HSPA8;HSP90AA1;NHLRC3;PTGES2;DYNLL1;TUBB4B;PRDX6;EEF1A1;NPC2;ALDOA;HSPA1B;HSPA1A;FTL
cellular iron ion homeostasis (GO:0006879)	GO_Biological_Process_2018	UP	4	3.03574803238574e-07	1.65678248676567e-05	'9/56	176.235967792066	ATP6V1G1;CAND1;UBB;FTH1;UBC;RPS27A;SKP1;FTL;SOD1
substantia nigra development (GO:0021762)	GO_Biological_Process_2018	UP	4	4.32571668017963e-07	2.29135757088339e-05	'8/43	204.885786112919	HSPA5;S100A1;ATP5J;CKB;DYNLL1;ATP5F1;ACTB;COX6B1
ribosomal large subunit assembly (GO:0000027)	GO_Biological_Process_2018	UP	4	4.4970493849425e-07	2.31405312636613e-05	'7/30	271.407483860779	RPL10;RPL12;RPL11;RPL24;RPL23A;RSL24D1;RPL6
hydrogen peroxide metabolic process (GO:0042743)	GO_Biological_Process_2018	UP	4	6.04101145386192e-07	3.02218378566815e-05	'6/20	373.479284047571	DUOX1;GPX1;PRDX1;PARK7;PRDX6;SOD1
cellular response to copper ion (GO:0071280)	GO_Biological_Process_2018	UP	4	8.34075871324148e-07	4.05992066014808e-05	'6/21	340.710689107145	PRNP;MT2A;MT1M;MT1G;MT3;MT1E
cellular response to unfolded protein (GO:0034620)	GO_Biological_Process_2018	UP	4	1.13103895946547e-06	5.36052938420347e-05	'6/22	312.450010785123	HSPA8;HSPH1;HSPA5;HSPA2;HSPA1B;HSPA1A
protein stabilization (GO:0050821)	GO_Biological_Process_2018	UP	4	1.43699417250525e-06	6.63596539662041e-05	'13/152	77.7688969853644	CCT3;HSP90AA1;RPL23;RPL11;PARK7;CLU;MT3;HSPD1;PPIB;CRYAB;GAPDH;HSPA1B;HSPA1A
positive regulation of protein ubiquitination involved in ubiquitin-dependent protein catabolic process (GO:2000060)	GO_Biological_Process_2018	UP	4	1.65061274662687e-06	7.43188389168748e-05	'10/87	106.209195852756	PSMD8;PSMB6;UBB;MAGEF1;UBC;PSMB1;RPS27A;CLU;SKP1;ANAPC11
chaperone mediated protein folding requiring cofactor (GO:0051085)	GO_Biological_Process_2018	UP	4	1.98444129845161e-06	8.7170214110033e-05	'6/24	266.30267577113	HSPA8;HSPH1;HSPA5;HSPA2;HSPA1B;HSPA1A
mitochondrial electron transport, ubiquinol to cytochrome c (GO:0006122)	GO_Biological_Process_2018	UP	4	2.07085211102181e-06	8.8800110760721e-05	'5/14	441.233566049535	UQCRB;UQCRQ;UQCRFS1;CYCS;UQCR10
response to copper ion (GO:0046688)	GO_Biological_Process_2018	UP	4	2.57512569825646e-06	0.000107855846106044	'6/25	247.267673933047	PRNP;MT2A;MT1M;MT1G;MT3;MT1E
ATP metabolic process (GO:0046034)	GO_Biological_Process_2018	UP	4	3.5191979762829e-06	0.000144047171711034	'8/56	127.939488703857	HSPA8;UQCRB;ATP5E;ATP5J;ATP5F1;ALDOA;HSPA1B;HSPA1A
cellular response to topologically incorrect protein (GO:0035967)	GO_Biological_Process_2018	UP	4	4.18637729409899e-06	0.000167548122370495	'6/27	215.2491905623	HSPA8;HSPH1;HSPA5;HSPA2;HSPA1B;HSPA1A
mitochondrial respiratory chain complex assembly (GO:0033108)	GO_Biological_Process_2018	UP	4	4.4881257155599e-06	0.000175719878559204	'10/97	86.8946968671634	CHCHD5;NDUFA6;UQCRB;NDUFA12;NDUFB5;NDUFB4;NDUFAB1;NDUFAF3;UQCR10;COX20
negative regulation of ubiquitin protein ligase activity (GO:1904667)	GO_Biological_Process_2018	UP	4	4.77583523124765e-06	0.000183005941520788	'9/77	99.3370089656712	PSMD8;PSMB6;UBB;RPL23;RPL11;UBC;PSMB1;RPS27A;ANAPC11
virion assembly (GO:0019068)	GO_Biological_Process_2018	UP	4	6.14597411864429e-06	0.000230602070576633	'5/17	303.37238152001	UBB;UBC;APOE;RPS27A;CHMP5
regulation of G2/M transition of mitotic cell cycle (GO:0010389)	GO_Biological_Process_2018	UP	4	6.81083418532592e-06	0.000250332905464734	'12/149	64.2140281128417	PSMD8;PSMB6;HSP90AA1;TUBA1A;UBB;UBC;PSMB1;DYNLL1;RPS27A;TUBB4B;RAB11A;SKP1
regulation of autophagy (GO:0010506)	GO_Biological_Process_2018	UP	4	7.22269730898854e-06	0.000260161557069767	'14/203	54.2347822706078	ATP6V1G1;ATP6V0B;HSPB1;MT3;MTDH;GFAP;EEF1A1;TMEM59;RRAGA;PSAP;VDAC1;DNM1L;GAPDH;LAMTOR5
'de novo' posttranslational protein folding (GO:0051084)	GO_Biological_Process_2018	UP	4	8.05552205718091e-06	0.000284470494607506	'6/30	178.361194832043	HSPA8;HSPH1;HSPA5;HSPA2;HSPA1B;HSPA1A
cellular response to zinc ion (GO:0071294)	GO_Biological_Process_2018	UP	4	1.12406720672706e-05	0.000389316353714506	'5/19	246.925286691975	MT2A;MT1M;MT1G;MT3;MT1E
negative regulation of apoptotic process (GO:0043066)	GO_Biological_Process_2018	UP	4	1.94108714310349e-05	0.000659603385797997	'22/485	32.2553888060168	GPX1;RPL10;HSPA5;GSTP1;HSPB1;PARK7;MT3;MTDH;HSPD1;SOD1;MIEN1;UBB;DDRGK1;UBC;PDK4;APOE;RPS27A;CRYAB;HSPA1B;TPT1;LAMTOR5;HSPA1A
cellular response to oxidative stress (GO:0034599)	GO_Biological_Process_2018	UP	4	2.04959826064543e-05	0.000683578975448597	'10/115	63.0603018324419	GPX1;PRDX1;GSTP1;CYCS;PARK7;PRDX6;MT3;HSPA1B;SOD1;HSPA1A
SCF-dependent proteasomal ubiquitin-dependent protein catabolic process (GO:0031146)	GO_Biological_Process_2018	UP	4	2.36056433966633e-05	0.000772977522861649	'8/72	81.3448065518111	PSMD8;PSMB6;UBB;FBXO2;UBC;PSMB1;RPS27A;SKP1
negative regulation of growth (GO:0045926)	GO_Biological_Process_2018	UP	4	2.96877398519563e-05	0.000954778919167381	'10/120	58.1131522089746	MT2A;GJA1;MT1M;MT1G;ENO1;CRLF3;MT3;HSPA1B;MT1E;HSPA1A
retina homeostasis (GO:0001895)	GO_Biological_Process_2018	UP	4	3.35272319549737e-05	0.0010593428903668	'6/38	117.459527688315	PRDX1;HSPB1;B2M;ACTB;ACTG1;SOD1
positive regulation of ubiquitin-protein ligase activity involved in regulation of mitotic cell cycle transition (GO:0051437)	GO_Biological_Process_2018	UP	4	3.51304374010195e-05	0.00109086065102131	'8/76	73.6877570417278	PSMD8;PSMB6;UBB;UBC;PSMB1;RPS27A;SKP1;ANAPC11
cellular respiration (GO:0045333)	GO_Biological_Process_2018	UP	4	3.99209945038231e-05	0.00121860527290484	'7/57	86.4058353837114	CHCHD5;UQCRB;MDH2;CYCS;ETFB;UQCR10;COX20
regulation of necrotic cell death (GO:0010939)	GO_Biological_Process_2018	UP	4	4.57171867609984e-05	0.00137227755594263	'4/13	268.69480862002	UBB;UBC;RPS27A;MT3
NIK/NF-kappaB signaling (GO:0038061)	GO_Biological_Process_2018	UP	4	5.10204368358129e-05	0.00150635748756228	'8/80	67.0482826816056	PSMD8;PSMB6;UBB;UBC;PSMB1;RPS27A;COPS8;SKP1
regulation of mitotic cell cycle phase transition (GO:1901990)	GO_Biological_Process_2018	UP	4	5.61070331647427e-05	0.00162981881822099	'12/184	42.0059587903106	PSMD8;PSMB6;HSP90AA1;TUBA1A;UBB;UBC;PSMB1;DYNLL1;RPS27A;TUBB4B;SKP1;ANAPC11
translational elongation (GO:0006414)	GO_Biological_Process_2018	UP	4	5.94923272465648e-05	0.00170072510112799	'9/105	55.7982882680062	EEF1A1;MRPS28;MRPL40;MRPS12;MRPS34;MRPS18B;MRPL27;CHCHD1;MRPS18C
positive regulation of ubiquitin protein ligase activity (GO:1904668)	GO_Biological_Process_2018	UP	4	6.09737589273681e-05	0.00171583968481547	'8/82	64.0532785616682	PSMD8;PSMB6;UBB;UBC;PSMB1;RPS27A;SKP1;ANAPC11
negative regulation of G2/M transition of mitotic cell cycle (GO:0010972)	GO_Biological_Process_2018	UP	4	6.92232828290463e-05	0.00191801742115558	'7/62	74.2630226687837	PSMD8;PSMB6;UBB;UBC;PSMB1;RPS27A;SKP1
aerobic respiration (GO:0009060)	GO_Biological_Process_2018	UP	4	8.41330268642693e-05	0.00229581183912953	'5/28	123.697914636598	CHCHD5;UQCRB;MDH2;UQCR10;COX20
mitochondrial translational elongation (GO:0070125)	GO_Biological_Process_2018	UP	4	9.31118403885465e-05	0.00250290185880257	'8/87	57.3673241675623	MRPS28;MRPL40;MRPS12;MRPS34;MRPS18B;MRPL27;CHCHD1;MRPS18C
cellular response to cadmium ion (GO:0071276)	GO_Biological_Process_2018	UP	4	0.000100299535336338	0.00265646269324625	'5/29	116.31738396535	MT2A;MT1M;MT1G;MT3;MT1E
mitochondrial electron transport, NADH to ubiquinone (GO:0006120)	GO_Biological_Process_2018	UP	4	0.000101856512294482	0.00265860258901975	'6/46	83.7989543333671	NDUFA6;NDUFA12;NDUFB5;NDUFA4;NDUFB4;NDUFAB1
mitochondrial translational termination (GO:0070126)	GO_Biological_Process_2018	UP	4	0.000109388665441383	0.00281441409228473	'8/89	54.9740758443101	MRPS28;MRPL40;MRPS12;MRPS34;MRPS18B;MRPL27;CHCHD1;MRPS18C
cellular response to heat (GO:0034605)	GO_Biological_Process_2018	UP	4	0.000115162823874146	0.00292124289855405	'6/47	80.6589205933048	HSPA8;HSPH1;HSPA5;HSPA2;HSPA1B;HSPA1A
negative regulation of cell cycle G2/M phase transition (GO:1902750)	GO_Biological_Process_2018	UP	4	0.000137660384386031	0.00331029371373709	'7/69	61.1283821552459	PSMD8;PSMB6;UBB;UBC;PSMB1;RPS27A;SKP1
cellular protein complex assembly (GO:0043623)	GO_Biological_Process_2018	UP	4	0.000138800679342965	0.00331029371373709	'10/144	40.5972132952927	PSMD8;SEPT8;HSP90AA1;CAND1;POMP;CLTA;CLU;SKP1;HSPD1;HSPA1A
zinc ion homeostasis (GO:0055069)	GO_Biological_Process_2018	UP	4	0.000139690351051648	0.00331029371373709	'5/31	103.496342606904	MT2A;MT1M;MT1G;MT3;MT1E
cellular zinc ion homeostasis (GO:0006882)	GO_Biological_Process_2018	UP	4	0.000139690351051648	0.00331029371373709	'5/31	103.496342606904	MT2A;MT1M;MT1G;MT3;MT1E
response to cadmium ion (GO:0046686)	GO_Biological_Process_2018	UP	4	0.000139690351051648	0.00331029371373709	'5/31	103.496342606904	MT2A;MT1M;MT1G;MT3;MT1E
chaperone-mediated protein complex assembly (GO:0051131)	GO_Biological_Process_2018	UP	4	0.00014445835135285	0.00337882455566861	'4/17	164.569225799816	HSP90AA1;CLU;HSPD1;HSPA1A
negative regulation of programmed cell death (GO:0043069)	GO_Biological_Process_2018	UP	4	0.00015667838849165	0.00361766381632642	'18/408	25.0695405835963	RPL10;HSPA5;GSTP1;HSPB1;PARK7;MT3;MTDH;HSPD1;MIEN1;UBB;DDRGK1;UBC;RPS27A;CRYAB;HSPA1B;TPT1;LAMTOR5;HSPA1A
response to zinc ion (GO:0010043)	GO_Biological_Process_2018	UP	4	0.000163344640048665	0.00371448420664679	'5/32	97.9016746066081	MT2A;MT1M;MT1G;MT3;MT1E
negative regulation of ubiquitin-protein ligase activity involved in mitotic cell cycle (GO:0051436)	GO_Biological_Process_2018	UP	4	0.000164996522227509	0.00371448420664679	'7/71	58.0057255001193	PSMD8;PSMB6;UBB;UBC;PSMB1;RPS27A;ANAPC11
regulation of neuron death (GO:1901214)	GO_Biological_Process_2018	UP	4	0.000180223315367299	0.0039583194021525	'7/72	56.5315983448301	PRNP;UBB;DDIT4;PARK7;NAE1;APOE;CLU
regulation of ubiquitin-protein ligase activity involved in mitotic cell cycle (GO:0051439)	GO_Biological_Process_2018	UP	4	0.000180223315367299	0.0039583194021525	'7/72	56.5315983448301	PSMD8;PSMB6;UBB;UBC;PSMB1;RPS27A;ANAPC11
translational termination (GO:0006415)	GO_Biological_Process_2018	UP	4	0.000185968017294752	0.00398724284699818	'8/96	47.6399642402232	MRPS28;MRPL40;MRPS12;MRPS34;MRPS18B;MRPL27;CHCHD1;MRPS18C
regulation of cell death (GO:0010941)	GO_Biological_Process_2018	UP	4	0.000185968017294752	0.00398724284699818	'8/96	47.6399642402232	LRPAP1;UBB;PARK7;CLU;CRYAB;MT3;HSPA1B;HSPA1A
regulation of apoptotic process (GO:0042981)	GO_Biological_Process_2018	UP	4	0.000205843043436583	0.00436145083799161	'28/815	18.9468256236226	MTCH1;RPL10;GSTP1;HSPB1;PARK7;CLU;MTDH;HSPD1;MIEN1;UBB;DDRGK1;UBC;ARL6IP5;SAP18;NAE1;RPS27A;DNM1L;BCL2L14;HSPA5;RPS6;MT3;SOD1;RSL1D1;CRYAB;HSPA1B;TPT1;LAMTOR5;HSPA1A
regulation of amyloid fibril formation (GO:1905906)	GO_Biological_Process_2018	UP	4	0.000232324082422907	0.00486529851678669	'3/8	302.85798971509	APOE;CLU;CRYAB
maturation of SSU-rRNA from tricistronic rRNA transcript (SSU-rRNA, 5.8S rRNA, LSU-rRNA) (GO:0000462)	GO_Biological_Process_2018	UP	4	0.000252905740788593	0.00523543953057765	'5/35	83.6813059949607	RPS14;RPS16;RPS8;RPSA;RPS24
regulation of mRNA stability (GO:0043488)	GO_Biological_Process_2018	UP	4	0.000271500021968391	0.00555649476778492	'9/128	37.9456338730059	PSMD8;PSMB6;HSPA8;UBB;UBC;PSMB1;HSPB1;RPS27A;HSPA1A
regulation of tumor necrosis factor-mediated signaling pathway (GO:0010803)	GO_Biological_Process_2018	UP	4	0.00030763155182493	0.00622521825659212	'6/56	58.9476151170356	UBB;GSTP1;UBC;RPS27A;HSPA1B;HSPA1A
negative regulation of mitotic cell cycle phase transition (GO:1901991)	GO_Biological_Process_2018	UP	4	0.000321547854387739	0.00624616857034477	'7/79	47.5912728040558	PSMD8;PSMB6;UBB;UBC;PSMB1;RPS27A;SKP1
anaphase-promoting complex-dependent catabolic process (GO:0031145)	GO_Biological_Process_2018	UP	4	0.000321547854387739	0.00624616857034477	'7/79	47.5912728040558	PSMD8;PSMB6;UBB;UBC;PSMB1;RPS27A;ANAPC11
regulation of cellular response to stress (GO:0080135)	GO_Biological_Process_2018	UP	4	0.000322539520845121	0.00624616857034477	'8/104	40.8538425763018	HSPA8;RSL1D1;CHCHD2;HSP90AA1;HSPH1;CRYAB;HSPA1B;HSPA1A
peptide metabolic process (GO:0006518)	GO_Biological_Process_2018	UP	4	0.000322539520845121	0.00624616857034477	'8/104	40.8538425763018	HSPA8;HSP90AA1;GPX1;SPCS1;GSTP1;CPE;SEC11C;SOD1
negative regulation of amyloid-beta formation (GO:1902430)	GO_Biological_Process_2018	UP	4	0.000344243096756056	0.00647010647486549	'3/9	240.509056813521	PRNP;APOE;CLU
antigen processing and presentation of exogenous peptide antigen via MHC class I, TAP-independent (GO:0002480)	GO_Biological_Process_2018	UP	4	0.000344243096756056	0.00647010647486549	'3/9	240.509056813521	HLA-C;HLA-A;B2M
mitochondrial ATP synthesis coupled proton transport (GO:0042776)	GO_Biological_Process_2018	UP	4	0.000344880744912319	0.00647010647486549	'4/21	113.439143852317	ATP5E;ATP5J;COX5B;ATP5F1
negative regulation of cell death (GO:0060548)	GO_Biological_Process_2018	UP	4	0.000375080092269243	0.00689305353241741	'7/81	45.4137502952964	LRPAP1;PARK7;APOE;CLU;MT3;HSPA1B;HSPA1A
protein catabolic process (GO:0030163)	GO_Biological_Process_2018	UP	4	0.000375080092269243	0.00689305353241741	'7/81	45.4137502952964	PSMB6;HSPA8;HSP90AA1;FBXO2;PSMB1;APOE;PRPF19
mitochondrial translation (GO:0032543)	GO_Biological_Process_2018	UP	4	0.000391194771436414	0.00711658367027254	'8/107	38.6589587269855	MRPS28;MRPL40;MRPS12;MRPS34;MRPS18B;MRPL27;CHCHD1;MRPS18C
mitochondrial transport (GO:0006839)	GO_Biological_Process_2018	UP	4	0.000402785723303885	0.00725417087670296	'9/135	34.1038691227294	HSP90AA1;ATP5E;TIMM13;TOMM7;ATP5J;ATP5F1;COX5B;SLC25A6;HSPD1
nucleotide-excision repair, DNA duplex unwinding (GO:0000717)	GO_Biological_Process_2018	UP	4	0.000416089132208543	0.00741956957532263	'4/22	104.609204220669	UBB;UBC;GTF2H3;RPS27A
negative regulation of inclusion body assembly (GO:0090084)	GO_Biological_Process_2018	UP	4	0.000485792744726517	0.00841262243511978	'3/10	197.236171020152	HSPA2;HSPA1B;HSPA1A
regulation of amyloid-beta clearance (GO:1900221)	GO_Biological_Process_2018	UP	4	0.000485792744726517	0.00841262243511978	'3/10	197.236171020152	LRPAP1;APOE;CLU
chaperone-mediated protein transport (GO:0072321)	GO_Biological_Process_2018	UP	4	0.000485792744726517	0.00841262243511978	'3/10	197.236171020152	HSPA8;TIMM13;CLU
nucleotide-excision repair, DNA damage recognition (GO:0000715)	GO_Biological_Process_2018	UP	4	0.000497199724261615	0.00852815907995398	'4/23	96.831291680773	UBB;UBC;COPS8;RPS27A
negative regulation of intrinsic apoptotic signaling pathway (GO:2001243)	GO_Biological_Process_2018	UP	4	0.000536355634190265	0.00906590675980336	'6/62	48.9987631096035	HSPB1;PARK7;ENO1;CLU;TPT1;HSPA1A
gluconeogenesis (GO:0006094)	GO_Biological_Process_2018	UP	4	0.000538618558189317	0.00906590675980336	'5/41	63.3500020876922	TPI1;MDH2;ENO1;ALDOA;GAPDH
positive regulation of purine nucleotide biosynthetic process (GO:1900373)	GO_Biological_Process_2018	UP	4	0.00058895950280056	0.0098214450420723	'4/24	89.936920743018	TMSB4X;ENO1;APOE;RAMP1
NADH dehydrogenase complex assembly (GO:0010257)	GO_Biological_Process_2018	UP	4	0.000636425592449561	0.0103261485765915	'6/64	46.2297466953594	NDUFA6;NDUFA12;NDUFB5;NDUFB4;NDUFAB1;NDUFAF3
mitochondrial respiratory chain complex I biogenesis (GO:0097031)	GO_Biological_Process_2018	UP	4	0.000636425592449561	0.0103261485765915	'6/64	46.2297466953594	NDUFA6;NDUFA12;NDUFB5;NDUFB4;NDUFAB1;NDUFAF3
mitochondrial respiratory chain complex I assembly (GO:0032981)	GO_Biological_Process_2018	UP	4	0.000636425592449561	0.0103261485765915	'6/64	46.2297466953594	NDUFA6;NDUFA12;NDUFB5;NDUFB4;NDUFAB1;NDUFAF3
regulation of inclusion body assembly (GO:0090083)	GO_Biological_Process_2018	UP	4	0.000659844629208692	0.0105166387363261	'3/11	165.646589312923	HSPA2;HSPA1B;HSPA1A
negative regulation of amyloid precursor protein catabolic process (GO:1902992)	GO_Biological_Process_2018	UP	4	0.000659844629208692	0.0105166387363261	'3/11	165.646589312923	PRNP;APOE;CLU
negative regulation of protein metabolic process (GO:0051248)	GO_Biological_Process_2018	UP	4	0.000673543877726029	0.0105636550707883	'5/43	58.2273241297047	SNX3;PRNP;APOE;CLU;CRYAB
glycolytic process through glucose-6-phosphate (GO:0061620)	GO_Biological_Process_2018	UP	4	0.00069212176477125	0.0105636550707883	'4/25	83.7910394804188	TPI1;ENO1;ALDOA;GAPDH
canonical glycolysis (GO:0061621)	GO_Biological_Process_2018	UP	4	0.00069212176477125	0.0105636550707883	'4/25	83.7910394804188	TPI1;ENO1;ALDOA;GAPDH
glucose catabolic process to pyruvate (GO:0061718)	GO_Biological_Process_2018	UP	4	0.00069212176477125	0.0105636550707883	'4/25	83.7910394804188	TPI1;ENO1;ALDOA;GAPDH
regulation of protein ubiquitination involved in ubiquitin-dependent protein catabolic process (GO:2000058)	GO_Biological_Process_2018	UP	4	0.00069212176477125	0.0105636550707883	'4/25	83.7910394804188	RPL23;RPL11;MAGEF1;CLU
hexose biosynthetic process (GO:0019319)	GO_Biological_Process_2018	UP	4	0.000749779423287831	0.0113475020280789	'5/44	55.89846500023	TPI1;MDH2;ENO1;ALDOA;GAPDH
regulation of supramolecular fiber organization (GO:1902903)	GO_Biological_Process_2018	UP	4	0.000807444343787315	0.0121183938596746	'4/26	78.2842149371774	HSPA8;GPX1;PARK7;APOE
regulation of transcription from RNA polymerase II promoter in response to stress (GO:0043618)	GO_Biological_Process_2018	UP	4	0.000864326072143898	0.012623058698253	'7/93	34.9201166959301	PSMD8;PSMB6;UBB;UBC;PSMB1;RPS27A;HSPA1A
modification-dependent macromolecule catabolic process (GO:0043632)	GO_Biological_Process_2018	UP	4	0.000869105651628745	0.012623058698253	'3/12	141.695989501582	UBC;RPS27A;ANKUB1
entry of bacterium into host cell (GO:0035635)	GO_Biological_Process_2018	UP	4	0.000869105651628745	0.012623058698253	'3/12	141.695989501582	UBB;UBC;RPS27A
establishment of protein localization to mitochondrial membrane (GO:0090151)	GO_Biological_Process_2018	UP	4	0.000869105651628745	0.012623058698253	'3/12	141.695989501582	HSP90AA1;TIMM13;TOMM7
maturation of SSU-rRNA (GO:0030490)	GO_Biological_Process_2018	UP	4	0.000921353144992937	0.0132690862327703	'5/46	51.6437693186621	RPS14;RPS28;RPS16;RPS8;RPS24
ATP synthesis coupled proton transport (GO:0015986)	GO_Biological_Process_2018	UP	4	0.000935687924243104	0.0132690862327703	'4/27	73.3268990378379	ATP5E;ATP5J;COX5B;ATP5F1
purine ribonucleoside triphosphate biosynthetic process (GO:0009206)	GO_Biological_Process_2018	UP	4	0.000935687924243104	0.0132690862327703	'4/27	73.3268990378379	ATP5E;ATP5J;ATP5F1;ALDOA
interleukin-1-mediated signaling pathway (GO:0070498)	GO_Biological_Process_2018	UP	4	0.000980451141376816	0.0137952539501535	'7/95	33.513139406738	PSMD8;PSMB6;UBB;UBC;PSMB1;RPS27A;SKP1
platelet degranulation (GO:0002576)	GO_Biological_Process_2018	UP	4	0.00103925679281019	0.0145093138283035	'8/124	28.8598502243896	LGALS3BP;CD63;TMSB4X;PSAP;SCG3;ALDOA;CLU;SOD1
antigen processing and presentation of peptide antigen via MHC class I (GO:0002474)	GO_Biological_Process_2018	UP	4	0.00107761444269291	0.0149291047022302	'4/28	68.8451587969281	BCAP31;HLA-C;HLA-A;B2M
negative regulation of ubiquitin-protein transferase activity (GO:0051444)	GO_Biological_Process_2018	UP	4	0.00111612363214555	0.0153445699350698	'3/13	122.993914278664	RPL23;RPL11;PARK7
G2/M transition of mitotic cell cycle (GO:0000086)	GO_Biological_Process_2018	UP	4	0.00115263554703138	0.0157264895469964	'8/126	27.9401898318099	HSP90AA1;TUBA1A;UBB;UBC;DYNLL1;RPS27A;TUBB4B;SKP1
cell cycle G2/M phase transition (GO:0044839)	GO_Biological_Process_2018	UP	4	0.00121291079586408	0.0163412354552301	'8/127	27.4952629784999	HSP90AA1;TUBA1A;UBB;UBC;DYNLL1;RPS27A;TUBB4B;SKP1
nucleotide-excision repair, preincision complex assembly (GO:0006294)	GO_Biological_Process_2018	UP	4	0.00123398557574197	0.0163412354552301	'4/29	64.7774541355255	UBB;UBC;RPS27A;GTF2H3
protein alkylation (GO:0008213)	GO_Biological_Process_2018	UP	4	0.00123398557574197	0.0163412354552301	'4/29	64.7774541355255	EEF1A1;HSPA8;ETFB;RPS2
MyD88-dependent toll-like receptor signaling pathway (GO:0002755)	GO_Biological_Process_2018	UP	4	0.00123398557574197	0.0163412354552301	'4/29	64.7774541355255	UBB;UBC;RPS27A;HSPD1
positive regulation of NF-kappaB transcription factor activity (GO:0051092)	GO_Biological_Process_2018	UP	4	0.00127567172503944	0.0166703382989871	'8/128	27.0598930681118	UBB;DDRGK1;UBC;RPS27A;CLU;HSPA1B;MTDH;HSPA1A
transcription-coupled nucleotide-excision repair (GO:0006283)	GO_Biological_Process_2018	UP	4	0.00127734963090518	0.0166703382989871	'6/73	36.2148210333095	UBB;UBC;PRPF19;RPS27A;GTF2H3;COPS8
cellular response to metal ion (GO:0071248)	GO_Biological_Process_2018	UP	4	0.00132482590552274	0.0171655500420608	'7/100	30.3256456951286	PRNP;MT2A;MT1M;MT1G;B2M;MT3;MT1E
negative regulation of protein ubiquitination (GO:0031397)	GO_Biological_Process_2018	UP	4	0.00134992238255674	0.0173657872213192	'5/50	44.4728672124328	RPL23;RPL11;PARK7;HSPA1B;HSPA1A
hydrogen peroxide catabolic process (GO:0042744)	GO_Biological_Process_2018	UP	4	0.00140329277530402	0.0177981006219897	'3/14	108.041192637176	GPX1;PRDX1;PRDX6
regulation of protein modification by small protein conjugation or removal (GO:1903320)	GO_Biological_Process_2018	UP	4	0.00140329277530402	0.0177981006219897	'3/14	108.041192637176	HSP90AA1;HSPA1B;HSPA1A
antigen processing and presentation of exogenous peptide antigen via MHC class I, TAP-dependent (GO:0002479)	GO_Biological_Process_2018	UP	4	0.00147015282428167	0.0185157009547643	'6/75	34.4196709218521	PSMD8;PSMB6;PSMB1;HLA-C;HLA-A;B2M
regulation of hematopoietic stem cell differentiation (GO:1902036)	GO_Biological_Process_2018	UP	4	0.00157448931523579	0.0196920503940255	'6/76	33.5695913775574	PSMD8;PSMB6;UBB;UBC;PSMB1;RPS27A
protein targeting (GO:0006605)	GO_Biological_Process_2018	UP	4	0.00162934285463136	0.0202375619392488	'8/133	25.0172374135734	AP4M1;SPCS1;SEC61G;RPL11;TIMM13;TOMM7;SRP14;SLC25A6
regulation of hematopoietic progenitor cell differentiation (GO:1901532)	GO_Biological_Process_2018	UP	4	0.00168436290609906	0.0207776547526329	'6/77	32.749176433609	PSMD8;PSMB6;UBB;UBC;PSMB1;RPS27A
regulation of protein homooligomerization (GO:0032462)	GO_Biological_Process_2018	UP	4	0.0017328589834817	0.0210870204679091	'3/15	95.8524392458614	APOE;CLU;CRYAB
establishment of protein localization to endoplasmic reticulum (GO:0072599)	GO_Biological_Process_2018	UP	4	0.0017328589834817	0.0210870204679091	'3/15	95.8524392458614	SPCS1;SEC61G;SRP14
ATP biosynthetic process (GO:0006754)	GO_Biological_Process_2018	UP	4	0.00179735003636636	0.0211877836077551	'4/32	54.5811354982211	ATP5E;ATP5J;ATP5F1;ALDOA
global genome nucleotide-excision repair (GO:0070911)	GO_Biological_Process_2018	UP	4	0.00179735003636636	0.0211877836077551	'4/32	54.5811354982211	UBB;UBC;RPS27A;GTF2H3
regulation of cellular response to heat (GO:1900034)	GO_Biological_Process_2018	UP	4	0.00179996162797698	0.0211877836077551	'6/78	31.9570388749187	HSPA8;HSP90AA1;HSPH1;CRYAB;HSPA1B;HSPA1A
antigen processing and presentation of exogenous peptide antigen via MHC class I (GO:0042590)	GO_Biological_Process_2018	UP	4	0.00179996162797698	0.0211877836077551	'6/78	31.9570388749187	PSMD8;PSMB6;PSMB1;HLA-C;HLA-A;B2M
regulation of transcription from RNA polymerase II promoter in response to hypoxia (GO:0061418)	GO_Biological_Process_2018	UP	4	0.00179996162797698	0.0211877836077551	'6/78	31.9570388749187	PSMD8;PSMB6;UBB;UBC;PSMB1;RPS27A
positive regulation of apoptotic process (GO:0043065)	GO_Biological_Process_2018	UP	4	0.00181509771551312	0.0212272141924618	'13/307	17.1133899047401	BCAP31;MTCH1;PRNP;RPS6;HSPD1;SOD1;UBB;UBC;ARL6IP5;CYCS;SAP18;RPS27A;DNM1L
protein targeting to mitochondrion (GO:0006626)	GO_Biological_Process_2018	UP	4	0.00191010581161671	0.0220519267097544	'5/54	38.6890360494798	HSP90AA1;TIMM13;TOMM7;SLC25A6;HSPD1
negative regulation of cellular component organization (GO:0051129)	GO_Biological_Process_2018	UP	4	0.00191010581161671	0.0220519267097544	'5/54	38.6890360494798	HSPA8;RPL13A;HSPA2;HSPA1B;HSPA1A
platelet aggregation (GO:0070527)	GO_Biological_Process_2018	UP	4	0.00201906276573337	0.0230147597537076	'4/33	51.7266858053094	CSRP1;HSPB1;ACTB;ACTG1
positive regulation of intrinsic apoptotic signaling pathway (GO:2001244)	GO_Biological_Process_2018	UP	4	0.00201906276573337	0.0230147597537076	'4/33	51.7266858053094	BCAP31;UBB;DNM1L;SOD1
positive regulation of mRNA processing (GO:0050685)	GO_Biological_Process_2018	UP	4	0.00210692502225173	0.0237160747817211	'3/16	85.754788200358	PAF1;PRDX6;HSPA1A
regulation of necroptotic process (GO:0060544)	GO_Biological_Process_2018	UP	4	0.00210692502225173	0.0237160747817211	'3/16	85.754788200358	UBB;UBC;RPS27A
positive regulation of cysteine-type endopeptidase activity involved in apoptotic process (GO:0043280)	GO_Biological_Process_2018	UP	4	0.00217616119442869	0.0243432690134538	'7/109	25.5672941942309	BCAP31;IFI27L2;MTCH1;ARL6IP5;CYCS;RPS27L;HSPD1
macroautophagy (GO:0016236)	GO_Biological_Process_2018	UP	4	0.00229202651358158	0.0254811095738298	'7/110	25.1035340810901	GABARAPL2;UBB;UBC;TOMM7;VDAC1;DYNLL1;RPS27A
post-translational protein modification (GO:0043687)	GO_Biological_Process_2018	UP	4	0.00249920742089069	0.0275875602014161	'14/357	15.0060453936687	FBXO2;RAB11A;PSMD8;TGOLN2;PSMB6;CST3;CAND1;PSMB1;SPARCL1;SCG3;APOE;NAE1;COPS8;SKP1
regulation of mitochondrial membrane potential (GO:0051881)	GO_Biological_Process_2018	UP	4	0.00251782619134439	0.0275875602014161	'4/35	46.6631535762915	UBB;ARL6IP5;PARK7;SOD1
positive regulation of signal transduction by p53 class mediator (GO:1901798)	GO_Biological_Process_2018	UP	4	0.00252745554316138	0.0275875602014161	'3/17	77.2740039150973	DDX5;UBB;RPL23
positive regulation of canonical Wnt signaling pathway (GO:0090263)	GO_Biological_Process_2018	UP	4	0.00266832893321903	0.0289497614983583	'7/113	23.7793510368662	PSMD8;PSMB6;GPRC5B;UBB;UBC;PSMB1;RPS27A
inner mitochondrial membrane organization (GO:0007007)	GO_Biological_Process_2018	UP	4	0.00279633367366979	0.0301568679417921	'4/36	44.4101701505729	ATP5E;TIMM13;ATP5J;ATP5F1
regulation of amyloid-beta formation (GO:1902003)	GO_Biological_Process_2018	UP	4	0.00299628196305697	0.0315573322541848	'3/18	70.0668038673224	PRNP;APOE;CLU
glucan biosynthetic process (GO:0009250)	GO_Biological_Process_2018	UP	4	0.00299628196305697	0.0315573322541848	'3/18	70.0668038673224	UBB;UBC;RPS27A
negative regulation of RNA splicing (GO:0033119)	GO_Biological_Process_2018	UP	4	0.00299628196305697	0.0315573322541848	'3/18	70.0668038673224	SAP18;SRSF7;RPS13
glycogen biosynthetic process (GO:0005978)	GO_Biological_Process_2018	UP	4	0.00299628196305697	0.0315573322541848	'3/18	70.0668038673224	UBB;UBC;RPS27A
regulation of protein kinase activity (GO:0045859)	GO_Biological_Process_2018	UP	4	0.0030432212773939	0.031865357677828	'8/147	20.2935591328124	RPLP1;SPDYE2;GSTP1;HSPB1;SPDYE3;PARK7;SPDYE5;SOD1
nucleotide-excision repair, DNA incision, 5'-to lesion (GO:0006296)	GO_Biological_Process_2018	UP	4	0.00309521407622584	0.0322224309322701	'4/37	42.3184578035246	UBB;UBC;RPS27A;GTF2H3
regulated exocytosis (GO:0045055)	GO_Biological_Process_2018	UP	4	0.00317230129723958	0.0328351415880947	'8/148	20.0031442999928	LGALS3BP;CD63;TMSB4X;PSAP;SCG3;ALDOA;CLU;SOD1
regulation of stem cell differentiation (GO:2000736)	GO_Biological_Process_2018	UP	4	0.00331348955865314	0.0337152242662955	'6/88	25.3375426954941	PSMD8;PSMB6;UBB;UBC;PSMB1;RPS27A
regulation of proteasomal ubiquitin-dependent protein catabolic process (GO:0032434)	GO_Biological_Process_2018	UP	4	0.00331348955865314	0.0337152242662955	'6/88	25.3375426954941	DDRGK1;RPL11;PARK7;CLU;HSPA1B;HSPA1A
Wnt signaling pathway, planar cell polarity pathway (GO:0060071)	GO_Biological_Process_2018	UP	4	0.00331348955865314	0.0337152242662955	'6/88	25.3375426954941	PSMD8;PSMB6;UBB;UBC;PSMB1;RPS27A
homotypic cell-cell adhesion (GO:0034109)	GO_Biological_Process_2018	UP	4	0.00341517127610961	0.0342200437022741	'4/38	40.3724467447368	CSRP1;HSPB1;ACTB;ACTG1
regulation of establishment of planar polarity (GO:0090175)	GO_Biological_Process_2018	UP	4	0.0035049697446227	0.0342200437022741	'6/89	24.7847056380257	PSMD8;PSMB6;UBB;UBC;PSMB1;RPS27A
regulation of neuron apoptotic process (GO:0043523)	GO_Biological_Process_2018	UP	4	0.0035049697446227	0.0342200437022741	'6/89	24.7847056380257	PRNP;PARK7;NAE1;APOE;MT3;SOD1
regulation of mitotic spindle assembly (GO:1901673)	GO_Biological_Process_2018	UP	4	0.00351510720983937	0.0342200437022741	'3/19	63.8789601176676	HSPA1B;HSPA1A;CHMP5
error-free translesion synthesis (GO:0070987)	GO_Biological_Process_2018	UP	4	0.00351510720983937	0.0342200437022741	'3/19	63.8789601176676	UBB;UBC;RPS27A
endoplasmic reticulum mannose trimming (GO:1904380)	GO_Biological_Process_2018	UP	4	0.00351510720983937	0.0342200437022741	'3/19	63.8789601176676	UBB;UBC;RPS27A
protein targeting to lysosome (GO:0006622)	GO_Biological_Process_2018	UP	4	0.00351510720983937	0.0342200437022741	'3/19	63.8789601176676	AP4M1;HSPA8;CLU
negative regulation of proteolysis involved in cellular protein catabolic process (GO:1903051)	GO_Biological_Process_2018	UP	4	0.00351510720983937	0.0342200437022741	'3/19	63.8789601176676	GABARAPL2;RPL23;RPL11
regulation of proteasomal protein catabolic process (GO:0061136)	GO_Biological_Process_2018	UP	4	0.00375689781721911	0.035990281748998	'4/39	38.5584525193626	GABARAPL2;GPX1;UBB;DDRGK1
purine ribonucleoside monophosphate biosynthetic process (GO:0009168)	GO_Biological_Process_2018	UP	4	0.00375689781721911	0.035990281748998	'4/39	38.5584525193626	ATP5E;ATP5J;ATP5F1;ALDOA
ERBB2 signaling pathway (GO:0038128)	GO_Biological_Process_2018	UP	4	0.00375689781721911	0.035990281748998	'4/39	38.5584525193626	HSP90AA1;UBB;UBC;RPS27A
SCF complex assembly (GO:0010265)	GO_Biological_Process_2018	UP	4	0.00387358837910794	0.0363350659936115	'2/6	167.00632921034	CAND1;SKP1
positive regulation of ATP biosynthetic process (GO:2001171)	GO_Biological_Process_2018	UP	4	0.00387358837910794	0.0363350659936115	'2/6	167.00632921034	TMSB4X;ENO1
regulation of NAD(P)H oxidase activity (GO:0033860)	GO_Biological_Process_2018	UP	4	0.00387358837910794	0.0363350659936115	'2/6	167.00632921034	RFK;PARK7
regulation of microtubule nucleation (GO:0010968)	GO_Biological_Process_2018	UP	4	0.00387358837910794	0.0363350659936115	'2/6	167.00632921034	HSPA1B;HSPA1A
stimulatory C-type lectin receptor signaling pathway (GO:0002223)	GO_Biological_Process_2018	UP	4	0.00390490701713488	0.0364390546003104	'7/121	20.6814950810542	PSMD8;PSMB6;UBB;UBC;PSMB1;RPS27A;SKP1
glucose metabolic process (GO:0006006)	GO_Biological_Process_2018	UP	4	0.00403091489492572	0.0374210192049548	'5/64	28.2841333265634	TPI1;MDH2;ENO1;ALDOA;GAPDH
error-prone translesion synthesis (GO:0042276)	GO_Biological_Process_2018	UP	4	0.00408551033061979	0.0375408372726849	'3/20	58.5184405401851	UBB;UBC;RPS27A
purine nucleotide metabolic process (GO:0006163)	GO_Biological_Process_2018	UP	4	0.00408551033061979	0.0375408372726849	'3/20	58.5184405401851	GPX1;GUK1;DNPH1
nucleotide-excision repair, DNA incision (GO:0033683)	GO_Biological_Process_2018	UP	4	0.00412107415110325	0.0376754037874973	'4/40	36.8644032626059	UBB;UBC;RPS27A;GTF2H3
tumor necrosis factor-mediated signaling pathway (GO:0033209)	GO_Biological_Process_2018	UP	4	0.00427273558339178	0.0388646302307505	'7/123	19.9929389342632	PSMD8;PSMB6;UBB;TMSB4X;UBC;PSMB1;RPS27A
negative regulation of apoptotic signaling pathway (GO:2001234)	GO_Biological_Process_2018	UP	4	0.00430919259753226	0.0389992757193749	'5/65	27.4745909613046	GPX1;GSTP1;PARK7;CLU;HSPA1A
regulation of cysteine-type endopeptidase activity involved in apoptotic process (GO:0043281)	GO_Biological_Process_2018	UP	4	0.00435401406550515	0.039012832497387	'6/93	22.733317469045	BCAP31;GPX1;ARL6IP5;CYCS;MT3;LAMTOR5
proteolysis involved in cellular protein catabolic process (GO:0051603)	GO_Biological_Process_2018	UP	4	0.00435401406550515	0.039012832497387	'6/93	22.733317469045	PSMB6;UBC;PSMB1;PRPF19;RPS27A;ANKUB1
innate immune response activating cell surface receptor signaling pathway (GO:0002220)	GO_Biological_Process_2018	UP	4	0.00446619206728327	0.0398018168687871	'7/124	19.6601595449926	PSMD8;PSMB6;UBB;UBC;PSMB1;RPS27A;SKP1
DNA duplex unwinding (GO:0032508)	GO_Biological_Process_2018	UP	4	0.00450836792961276	0.0398018168687871	'4/41	35.2796125527247	UBB;UBC;RPS27A;GTF2H3
negative regulation of proteolysis (GO:0045861)	GO_Biological_Process_2018	UP	4	0.00450836792961276	0.0398018168687871	'4/41	35.2796125527247	CST3;CSTB;PRNP;TMEM59
negative regulation of protein binding (GO:0032091)	GO_Biological_Process_2018	UP	4	0.00490637751100074	0.0431043214503041	'5/67	25.952149284383	LRPAP1;HSPA5;PARK7;B2M;ACTB
mRNA metabolic process (GO:0016071)	GO_Biological_Process_2018	UP	4	0.00534596876012738	0.0449147198807005	'6/97	20.9092757143983	DDX5;SNRPG;SRSF7;LSM3;HSPA1B;HSPA1A
protein transmembrane import into intracellular organelle (GO:0044743)	GO_Biological_Process_2018	UP	4	0.00535491055822736	0.0449147198807005	'4/43	32.4008775586006	HSP90AA1;TIMM13;TOMM7;HSPD1
intracellular sterol transport (GO:0032366)	GO_Biological_Process_2018	UP	4	0.0053642334460144	0.0449147198807005	'2/7	125.766218071523	ARV1;NPC2
regulation of dendritic spine maintenance (GO:1902950)	GO_Biological_Process_2018	UP	4	0.0053642334460144	0.0449147198807005	'2/7	125.766218071523	PRNP;APOE
positive regulation of tumor necrosis factor-mediated signaling pathway (GO:1903265)	GO_Biological_Process_2018	UP	4	0.0053642334460144	0.0449147198807005	'2/7	125.766218071523	HSPA1B;HSPA1A
negative regulation of glycoprotein biosynthetic process (GO:0010561)	GO_Biological_Process_2018	UP	4	0.0053642334460144	0.0449147198807005	'2/7	125.766218071523	ITM2B;ITM2C
regulation of RNA polymerase II regulatory region sequence-specific DNA binding (GO:1903025)	GO_Biological_Process_2018	UP	4	0.0053642334460144	0.0449147198807005	'2/7	125.766218071523	DDRGK1;TMSB4X
outer mitochondrial membrane organization (GO:0007008)	GO_Biological_Process_2018	UP	4	0.0053642334460144	0.0449147198807005	'2/7	125.766218071523	HSP90AA1;TOMM7
positive regulation of proteolysis involved in cellular protein catabolic process (GO:1903052)	GO_Biological_Process_2018	UP	4	0.00538677373360983	0.0449147198807005	'3/22	49.7214824167572	DDRGK1;MAGEF1;CLU
negative regulation of response to endoplasmic reticulum stress (GO:1903573)	GO_Biological_Process_2018	UP	4	0.00538677373360983	0.0449147198807005	'3/22	49.7214824167572	PARK7;CLU;HSPA1A
maturation of LSU-rRNA (GO:0000470)	GO_Biological_Process_2018	UP	4	0.00538677373360983	0.0449147198807005	'3/22	49.7214824167572	RSL1D1;RPL7A;RPL7
positive regulation of I-kappaB kinase/NF-kappaB signaling (GO:0043123)	GO_Biological_Process_2018	UP	4	0.00566717314811183	0.0470349255287991	'8/163	16.2327458279188	GJA1;GPRC5B;UBB;DDRGK1;UBC;RPS27A;S100B;MTDH
RNA splicing, via transesterification reactions with bulged adenosine as nucleophile (GO:0000377)	GO_Biological_Process_2018	UP	4	0.00589042662786349	0.0485929607260572	'10/236	13.8484381675087	SF3B5;HSPA8;DDX5;PPIL1;SYF2;SF3B6;SNRPG;PRPF19;SRSF7;LSM3
positive regulation of proteasomal ubiquitin-dependent protein catabolic process (GO:0032436)	GO_Biological_Process_2018	UP	4	0.00590886085452889	0.0485929607260572	'5/70	23.8851641088256	BCAP31;DDRGK1;CLU;HSPA1B;HSPA1A
proteasomal protein catabolic process (GO:0010498)	GO_Biological_Process_2018	UP	4	0.00606302075688676	0.0494282624292011	'10/237	13.7091763031385	PSMD8;PSMB6;NHLRC3;UBB;PSMB1;UBC;PRPF19;RPS27A;SKP1;ANAPC11
nucleotide-excision repair, DNA gap filling (GO:0006297)	GO_Biological_Process_2018	UP	4	0.00612021239406544	0.0494282624292011	'3/23	46.0788083991145	UBB;UBC;RPS27A
positive regulation of ERBB signaling pathway (GO:1901186)	GO_Biological_Process_2018	UP	4	0.00612021239406544	0.0494282624292011	'3/23	46.0788083991145	UBB;UBC;RPS27A
positive regulation of monooxygenase activity (GO:0032770)	GO_Biological_Process_2018	UP	4	0.00612021239406544	0.0494282624292011	'3/23	46.0788083991145	S100A1;PARK7;APOE
RNA binding (GO:0003723)	GO_Molecular_Function_2018	UP	4	2.23510186978812e-31	6.32533829150037e-29	'91/1387	382.598185046537	RPL30;RPL32;RPL34;MRPS12;PEBP1;HSPB1;ENO1;PARK7;RPL8;SRP14;RPL6;RPL7;RPS15;RPS4X;RPS14;RPL7A;RPS17;RPS16;MRPL40;CSRP1;ZC3H7B;TMSB4X;RPS11;CHCHD1;RPS13;CCT3;MRPS28;HSP90AA1;RPL21;RPS8;RPL23;RPS6;RPL13A;RPSA;HLA-A;EEF1A1;SYF2;SUB1;RPL37A;SBDS;SNRPG;RPL24;RPL27;SCG3;RPL29;ALDOA;PPIB;RPL28;SRSF7;CSTB;DDX5;RPL10;RPS19BP1;SF3B6;RPL12;RPL11;RPS27L;SLC3A2;MTDH;HSPD1;PRDX1;UBC;RPL13;SAP18;RPL15;RPS2;RPS27A;RPL18;RPL19;HSPA8;RPL41;MDH2;MRPL27;RPL23A;TUBB4B;GTF2H3;LSM3;EIF1;RPS25;RSL1D1;RPS28;RPS27;RPL27A;RPS20;FAU;RSL24D1;RPS24;HSPA1B;TPT1;RPS23;HSPA1A
cadherin binding (GO:0045296)	GO_Molecular_Function_2018	UP	4	1.24787407744662e-08	1.76574181958697e-06	'22/313	86.8557003419679	HSPA8;TXNDC9;HSPA5;RPL34;SLC3A2;RPL23A;ENO1;PARK7;PRDX6;RPL6;PSMB6;RSL1D1;RPL7A;BAIAP2L1;PRDX1;RPL24;RPL15;RPS2;RPL29;ALDOA;HSPA1A;CHMP5
ubiquitin-like protein ligase binding (GO:0044389)	GO_Molecular_Function_2018	UP	4	1.17245974420989e-07	1.10602035870466e-05	'20/297	72.3210277152182	GABARAPL2;HSPA8;TPI1;HSPA5;RPL23;RPL11;PRDX6;CLU;ACTG1;HSPD1;RRAGA;DDRGK1;UBC;CKB;NAE1;RPS27A;DNM1L;HSPA1B;HSPA1A;ANKUB1
ubiquitin protein ligase binding (GO:0031625)	GO_Molecular_Function_2018	UP	4	2.6999283258004e-07	1.91019929050378e-05	'19/284	67.8849844628781	GABARAPL2;HSPA8;TPI1;HSPA5;RPL23;RPL11;PRDX6;CLU;ACTG1;HSPD1;RRAGA;UBC;CKB;NAE1;RPS27A;DNM1L;HSPA1B;HSPA1A;ANKUB1
amyloid-beta binding (GO:0001540)	GO_Molecular_Function_2018	UP	4	1.23473086343735e-06	6.98857668705541e-05	'8/49	162.333821096391	CST3;LRPAP1;PRNP;APOE;CLU;CRYAB;ITM2B;ITM2C
disordered domain specific binding (GO:0097718)	GO_Molecular_Function_2018	UP	4	3.08161083124406e-05	0.00145349310873678	'5/23	175.021439486661	PPIL1;HSP90AA1;HSPA2;GAPDH;HSPA1A
NADH dehydrogenase (ubiquinone) activity (GO:0008137)	GO_Molecular_Function_2018	UP	4	6.90964397126751e-05	0.00217269915985412	'6/43	94.4325316810397	NDUFA6;NDUFA12;NDUFB5;NDUFA4;NDUFB4;NDUFAB1
rRNA binding (GO:0019843)	GO_Molecular_Function_2018	UP	4	6.90964397126751e-05	0.00217269915985412	'6/43	94.4325316810397	RPS14;RPL12;RPL23;RPL11;SBDS;RPS13
NADH dehydrogenase (quinone) activity (GO:0050136)	GO_Molecular_Function_2018	UP	4	6.90964397126751e-05	0.00217269915985412	'6/43	94.4325316810397	NDUFA6;NDUFA12;NDUFB5;NDUFA4;NDUFB4;NDUFAB1
C3HC4-type RING finger domain binding (GO:0055131)	GO_Molecular_Function_2018	UP	4	8.50331951173623e-05	0.00240643942182135	'3/6	565.453120494473	HSPA8;HSPA1B;HSPA1A
ATPase activity (GO:0016887)	GO_Molecular_Function_2018	UP	4	0.000143220343043381	0.00368466882557062	'12/203	34.1724490551254	HSPA8;HSP90AA1;HSPH1;HSPA5;ATP5E;ATP5J;HSPA2;DYNLL1;ATP5F1;HSPA1B;HSPA1A;HSPD1
tau protein binding (GO:0048156)	GO_Molecular_Function_2018	UP	4	0.000232324082422907	0.00469626538040591	'3/8	302.85798971509	APOE;S100B;CLU
oxidoreductase activity, acting on diphenols and related substances as donors, cytochrome as acceptor (GO:0016681)	GO_Molecular_Function_2018	UP	4	0.000232324082422907	0.00469626538040591	'3/8	302.85798971509	UQCRB;UQCRQ;UQCR10
ubiquinol-cytochrome-c reductase activity (GO:0008121)	GO_Molecular_Function_2018	UP	4	0.000232324082422907	0.00469626538040591	'3/8	302.85798971509	UQCRB;UQCRQ;UQCR10
mRNA 5'-UTR binding (GO:0048027)	GO_Molecular_Function_2018	UP	4	0.000416089132208543	0.00785021496100117	'4/22	104.609204220669	RSL1D1;RPS14;RPL41;RPS13
nucleoside-triphosphatase activity (GO:0017111)	GO_Molecular_Function_2018	UP	4	0.000705490252172419	0.0124783588352997	'17/424	18.7146033027137	HSPA8;HSP90AA1;HSPA5;ARL1;ATP5J;HSPA2;ATP5F1;RAB11A;HSPD1;EEF1A1;SEPT8;RRAGA;HSPH1;ATP5E;DNM1L;HSPA1B;HSPA1A
ATPase activity, coupled (GO:0042623)	GO_Molecular_Function_2018	UP	4	0.000920947499248604	0.0153310671933738	'7/94	34.2064632225731	HSPA8;HSPH1;HSPA5;HSPA2;GTF2H3;HSPA1B;HSPA1A
hydrogen ion transmembrane transporter activity (GO:0015078)	GO_Molecular_Function_2018	UP	4	0.00147678467358882	0.0232183368125354	'5/51	42.9124910831629	ATP6V0B;UQCRB;UQCRQ;UQCR10;ATP5F1
purine ribonucleoside triphosphate binding (GO:0035639)	GO_Molecular_Function_2018	UP	4	0.00247800721416362	0.0369092653478055	'15/396	14.5124878723735	HSPA8;HSP90AA1;HSPA5;ARL1;HSPA2;TUBB4B;EEF1A1;RRAGA;TUBB2B;HSPH1;TUBA1A;TUBB2A;PDK4;HSPA1B;HSPA1A
transition metal ion binding (GO:0046914)	GO_Molecular_Function_2018	UP	4	0.00266137775057596	0.0376584951706499	'15/399	14.2255813338517	PRNP;MT1M;TIMM13;PARK7;S100B;MT3;SOD1;MT2A;RPS27;CSRP1;CA2;FTH1;MT1G;MT1E;FTL
mRNA binding (GO:0003729)	GO_Molecular_Function_2018	UP	4	0.00292051102814053	0.0393573629030367	'9/179	18.8284915307024	RPS14;RSL1D1;DDX5;RPL41;RPL13A;PARK7;RPS2;RPS13;RPL7
cuprous ion binding (GO:1903136)	GO_Molecular_Function_2018	UP	4	0.00387358837910794	0.046247976942616	'2/6	167.00632921034	PRNP;PARK7
ubiquitin-protein transferase inhibitor activity (GO:0055105)	GO_Molecular_Function_2018	UP	4	0.00387358837910794	0.046247976942616	'2/6	167.00632921034	RPL23;RPL11
proteasome binding (GO:0070628)	GO_Molecular_Function_2018	UP	4	0.00408551033061979	0.046247976942616	'3/20	58.5184405401851	UBC;RPS27A;ANKUB1
low-density lipoprotein particle receptor binding (GO:0050750)	GO_Molecular_Function_2018	UP	4	0.00408551033061979	0.046247976942616	'3/20	58.5184405401851	LRPAP1;APOE;CLU
copper ion binding (GO:0005507)	GO_Molecular_Function_2018	UP	4	0.00450836792961276	0.0490718509261696	'4/41	35.2796125527247	PRNP;PARK7;MT3;SOD1
cytosolic ribosome (GO:0022626)	GO_Cellular_Component_2018	UP	4	1.48574597471916e-58	3.50636050033721e-56	'51/124	6557.95678971181	RPL30;RPL32;RPL34;RPLP1;MRPS12;RPL8;RPL6;RPL7;RPS15;RPS4X;RPS14;RPL7A;RPS17;RPS16;RPL36AL;RPLP2;RPS11;RPS13;RPL21;RPS8;RPL23;RPS6;RPL13A;RPSA;MRPS18C;RPL37A;RPL24;RPL27;RPL29;RPL28;RPL10;RPL12;RPL11;RPS27L;RPL13;RPL15;RPS2;RPL18;RPS27A;RPL19;RPL41;RPL23A;RPS25;RSL1D1;RPS28;RPS27;RPL27A;RPS20;RSL24D1;RPS24;RPS23
cytosolic part (GO:0044445)	GO_Cellular_Component_2018	UP	4	1.78576446689582e-53	2.10720207093706e-51	'52/159	4168.89142881298	RPL30;RPL32;RPL34;RPLP1;MRPS12;RPL8;RPL6;RPL7;RPS15;RPS4X;RPS14;RPL7A;RPS17;RPS16;RPL36AL;RPLP2;RPS11;RPS13;CCT3;RPL21;RPS8;RPL23;RPS6;RPL13A;RPSA;MRPS18C;RPL37A;RPL24;RPL27;RPL29;RPL28;RPL10;RPL12;RPL11;RPS27L;RPL13;RPL15;RPS2;RPL18;RPS27A;RPL19;RPL41;RPL23A;RPS25;RSL1D1;RPS28;RPS27;RPL27A;RPS20;RSL24D1;RPS24;RPS23
cytosolic large ribosomal subunit (GO:0022625)	GO_Cellular_Component_2018	UP	4	1.42426641701264e-35	1.12042291471661e-33	'30/69	4052.50650144164	RPL30;RPL32;RPL10;RPL34;RPLP1;RPL12;RPL11;RPL8;RPL6;RPL7;RPL7A;RPL36AL;RPLP2;RPL13;RPL15;RPL18;RPL19;RPL41;RPL21;RPL23;RPL13A;RPL23A;RSL1D1;RPL27A;RPL37A;RPL24;RPL27;RPL29;RPL28;RSL24D1
large ribosomal subunit (GO:0015934)	GO_Cellular_Component_2018	UP	4	7.08268932856558e-35	4.17878670385369e-33	'30/72	3687.25206281697	RPL30;RPL32;RPL10;RPL34;RPLP1;RPL12;RPL11;RPL8;RPL6;RPL7;RPL7A;RPL36AL;RPLP2;RPL13;RPL15;RPL18;RPL19;RPL41;RPL21;RPL23;RPL13A;RPL23A;RSL1D1;RPL27A;RPL37A;RPL24;RPL27;RPL29;RPL28;RSL24D1
ribosome (GO:0005840)	GO_Cellular_Component_2018	UP	4	3.72503957160044e-26	1.75821867779541e-24	'25/76	1852.41371191009	RPL30;RPL32;RPL12;MRPS12;RPL11;RPL8;RPL6;RPS4X;RPL7A;RPS17;RPL13;RPL15;RPS11;RPL18;RPS13;RPL19;RPL41;RPL23;RPL13A;RPS25;RPS28;RPS27;RPL24;RPL27;RPS23
cytosolic small ribosomal subunit (GO:0022627)	GO_Cellular_Component_2018	UP	4	4.69403773129599e-25	1.84632150764309e-23	'21/49	2679.46786967433	RPS8;MRPS12;RPS6;RPS27L;RPSA;MRPS18C;RPS15;RPS4X;RPS14;RPS25;RPS17;RPS28;RPS16;RPS27;RPS20;RPS2;RPS11;RPS27A;RPS13;RPS24;RPS23
small ribosomal subunit (GO:0015935)	GO_Cellular_Component_2018	UP	4	3.60259530875159e-24	1.21458927552196e-22	'21/53	2258.78018729667	RPS8;MRPS12;RPS6;RPS27L;RPSA;MRPS18C;RPS4X;RPS15;RPS14;RPS25;RPS17;RPS28;RPS16;RPS27;RPS20;RPS2;RPS11;RPS27A;RPS13;RPS24;RPS23
focal adhesion (GO:0005925)	GO_Cellular_Component_2018	UP	4	1.89599270866786e-17	5.59317849057018e-16	'35/356	276.315215783819	RPL30;RPLP1;RPL12;HSPB1;RPL8;RPL6;ACTB;RPL7;ACTG1;RPS15;RPS4X;RPS14;RPL7A;RPS17;GJA1;RPS16;CSRP1;RPLP2;CD59;RPS2;RPS11;RPL18;B2M;RPS13;RPL19;HSPA8;HSPA5;RPS8;RPL23;RPL13A;RPL37A;RPL27;PPIB;HSPA1B;HSPA1A
mitochondrial inner membrane (GO:0005743)	GO_Cellular_Component_2018	UP	4	3.63651985376007e-17	9.53576317208196e-16	'34/341	275.177537566441	COX7B;UQCRB;NDUFA12;NDUFB5;COX4I1;NDUFB4;MRPS12;MRPS34;TIMM13;ATP5J;UQCR10;COX5B;COX7C;HSPD1;MRPL40;ATP5E;UQCRFS1;CHCHD1;MRPS28;NDUFA6;NDUFA4;MRPS18B;MRPL27;COX6C;ATP5F1;MRPS18C;COX6B1;SMDT1;UQCRQ;NDUFAB1;NDUFAF3;CYCS;COX20;SLC25A6
polysomal ribosome (GO:0042788)	GO_Cellular_Component_2018	UP	4	7.72302750800313e-15	1.82263449188874e-13	'12/28	1511.07438227015	RPL7A;RPL30;RPL41;RPS28;RPL32;RPL11;RPL24;RPL8;RPL18;RPL6;RPL19;RPS23
mitochondrion (GO:0005739)	GO_Cellular_Component_2018	UP	4	1.41818609137522e-12	3.04265379604138e-11	'51/1026	95.9709904456935	IFI27L2;MTCH1;COX7B;ANKRD37;NDUFA12;COX4I1;PARK7;ETFB;COX7C;CLU;GJA1;CHCHD2;RFK;PDK4;UQCRFS1;DNM1L;CHCHD1;MRPS28;GPX1;ECH1;BOLA1;MRPS18B;USMG5;ATP5F1;SMDT1;VDAC2;VDAC1;SLC25A6;NDUFB5;GSTP1;NDUFB4;MRPS34;TIMM13;ATP5J;COX5B;HSPD1;UBB;PTGES2;MDH2;NDUFA4;COX6C;PRDX6;SOD1;UQCRQ;NDUFAB1;TOMM7;NDUFAF3;CYCS;HSPA1B;HSPA1A;COX20
polysome (GO:0005844)	GO_Cellular_Component_2018	UP	4	2.54925207045988e-11	5.01352907190442e-10	'13/63	393.791319342629	RPL30;RPL41;RPL32;RPL11;RPL8;RPL6;RPS4X;RPL7A;RPS28;RPL24;RPL18;RPL19;RPS23
ficolin-1-rich granule lumen (GO:1904813)	GO_Cellular_Component_2018	UP	4	1.23474891446692e-07	2.24154418318611e-06	'13/123	116.372172965005	HSPA8;CSTB;HSP90AA1;GSTP1;SRP14;EEF1A1;CST3;CAND1;FTH1;PSMB1;ALDOA;HSPA1B;HSPA1A
secretory granule lumen (GO:0034774)	GO_Cellular_Component_2018	UP	4	3.34484751773696e-07	5.63845724418516e-06	'20/317	62.9552065654825	LGALS3BP;CSTB;HSPA8;HSP90AA1;NHLRC3;PTGES2;GSTP1;TUBB4B;SRP14;PRDX6;CLU;EEF1A1;CAND1;NPC2;TMSB4X;PSMB1;SCG3;ALDOA;B2M;FTL
ficolin-1-rich granule (GO:0101002)	GO_Cellular_Component_2018	UP	4	4.14658710924947e-07	6.5239637185525e-06	'15/184	81.0116705710792	HSPA8;CSTB;HSP90AA1;TMEM179B;GSTP1;SRP14;DYNLL1;EEF1A1;CST3;CAND1;FTH1;PSMB1;ALDOA;HSPA1B;HSPA1A
cytoplasmic vesicle lumen (GO:0060205)	GO_Cellular_Component_2018	UP	4	1.50539697615707e-06	2.22046053983168e-05	'12/129	84.8175362001386	EEF1A1;HSPA8;CSTB;HSP90AA1;HSPH1;CAND1;GSTP1;PSMB1;SCG3;APOE;SRP14;ALDOA
mitochondrial respiratory chain complex IV (GO:0005751)	GO_Cellular_Component_2018	UP	4	6.14597411864429e-06	8.53205818823561e-05	'5/17	303.37238152001	NDUFA4;COX4I1;UQCRFS1;COX5B;COX7C
mitochondrial respiratory chain complex I (GO:0005747)	GO_Cellular_Component_2018	UP	4	1.90202827710629e-05	0.000249377040776158	'7/51	105.407895726254	NDUFA6;NDUFA12;NDUFB5;NDUFA4;NDUFB4;NDUFAB1;PARK7
nucleolus (GO:0005730)	GO_Cellular_Component_2018	UP	4	2.18166844494421e-05	0.000270986185793071	'27/676	28.1243682890016	CSTB;DDX5;RPS19BP1;TMEM179B;RPL11;RPL7;ANAPC11;RPS14;RPL7A;DDRGK1;RPL13;RPS11;RPS27A;RPL18;MAF1;RPS13;RPL23;RPS6;RPL13A;RPL23A;EEF1A1;RPS25;RSL1D1;GPRC5B;SUB1;SBDS;RSL24D1
perinuclear region of cytoplasm (GO:0048471)	GO_Cellular_Component_2018	UP	4	5.99079513994248e-05	0.000706913826513213	'18/378	30.1857050055122	BCAP31;MT1M;PARK7;S100B;PRDX6;CLU;MT3;MTDH;MT2A;S100A6;MT1G;PPIB;COPS8;DNM1L;HSPA1B;MT1E;ITM2C;HSPA1A
mitochondrial respiratory chain complex III (GO:0005750)	GO_Cellular_Component_2018	UP	4	6.31758788985638e-05	0.000709976543812431	'4/14	233.986177875326	UQCRB;UQCRQ;UQCRFS1;UQCR10
mitochondrial small ribosomal subunit (GO:0005763)	GO_Cellular_Component_2018	UP	4	7.00475340698601e-05	0.000751419001840317	'5/27	131.852515191657	MRPS28;MRPS12;MRPS34;MRPS18B;MRPS18C
tertiary granule lumen (GO:1904724)	GO_Cellular_Component_2018	UP	4	0.000278475962559016	0.00285740552886642	'6/55	60.8943706310156	CST3;CSTB;FTH1;METTL7A;ALDOA;B2M
vacuolar lumen (GO:0005775)	GO_Cellular_Component_2018	UP	4	0.000343259563973872	0.00337538571240975	'10/161	32.3260814344909	BCAN;HSPA8;HSP90AA1;NHLRC3;NPC2;PTGES2;PSAP;TUBB4B;PRDX6;FTL
mitochondrial proton-transporting ATP synthase complex (GO:0005753)	GO_Cellular_Component_2018	UP	4	0.000416089132208543	0.00392788140804864	'4/22	104.609204220669	ATP5E;USMG5;ATP5J;ATP5F1
azurophil granule (GO:0042582)	GO_Cellular_Component_2018	UP	4	0.00103991023292162	0.0094391851911347	'9/154	26.0140134146142	CD63;NHLRC3;TMEM179B;NPC2;PTGES2;PSAP;TUBB4B;PRDX6;FTL
integral component of endoplasmic reticulum membrane (GO:0030176)	GO_Cellular_Component_2018	UP	4	0.00127567172503944	0.0111503158188632	'8/128	27.0598930681118	BCAP31;SPCS1;HSPA5;ELOVL4;HLA-C;SARAF;HLA-A;EMC6
tertiary granule (GO:0070820)	GO_Cellular_Component_2018	UP	4	0.00161271989280789	0.0135929248108094	'9/164	22.769387378367	CST3;CSTB;TMEM179B;FTH1;CD59;METTL7A;DYNLL1;ALDOA;B2M
ER to Golgi transport vesicle membrane (GO:0012507)	GO_Cellular_Component_2018	UP	4	0.00191010581161671	0.0152139494903956	'5/54	38.6890360494798	TMED2;HLA-C;CD59;HLA-A;B2M
precatalytic spliceosome (GO:0071011)	GO_Cellular_Component_2018	UP	4	0.00201906276573337	0.0152139494903956	'4/33	51.7266858053094	SF3B5;SF3B6;SNRPG;LSM3
ribonucleoprotein granule (GO:0035770)	GO_Cellular_Component_2018	UP	4	0.00204909647642367	0.0152139494903956	'6/80	30.4524507382953	RPS4X;TUBA1A;RPS6;RPL28;ACTB;RPL6
cytoplasmic ribonucleoprotein granule (GO:0036464)	GO_Cellular_Component_2018	UP	4	0.00206290840547736	0.0152139494903956	'9/170	21.0750208556668	RPS4X;TUBA1A;RPS6;SNRPG;RPL28;ACTB;RPL6;LSM3;PNRC1
phagocytic vesicle (GO:0045335)	GO_Cellular_Component_2018	UP	4	0.00247054726547987	0.0176681562016136	'6/83	28.3773790268726	SNX3;ATP6V0B;HLA-C;HLA-A;B2M;RAB11A
endocytic vesicle lumen (GO:0071682)	GO_Cellular_Component_2018	UP	4	0.00299628196305697	0.0205330076576696	'3/18	70.0668038673224	HSP90AA1;HSPH1;APOE
U2-type spliceosomal complex (GO:0005684)	GO_Cellular_Component_2018	UP	4	0.00304514944075608	0.0205330076576696	'5/60	31.8908897856891	PPIL1;SYF2;SF3B6;SNRPG;PRPF19
lysosomal membrane (GO:0005765)	GO_Cellular_Component_2018	UP	4	0.00332919843681682	0.0217832546259964	'12/291	15.0105925653412	EEF1A1;CD63;HSPA8;ATP6V1G1;RRAGA;LAPTM4A;TMEM179B;PSAP;AP1S1;CLTA;RDH14;LAMTOR5
phagocytic vesicle membrane (GO:0030670)	GO_Cellular_Component_2018	UP	4	0.00341517127610961	0.0217832546259964	'4/38	40.3724467447368	ATP6V0B;HLA-C;HLA-A;B2M
azurophil granule lumen (GO:0035578)	GO_Cellular_Component_2018	UP	4	0.00370455648809969	0.0230072455576717	'6/90	24.2485142610089	NHLRC3;NPC2;PTGES2;TUBB4B;PRDX6;FTL
lysosome (GO:0005764)	GO_Cellular_Component_2018	UP	4	0.0044738744838015	0.0270726763635168	'15/422	12.231249754051	CD63;HSPA8;ATP6V1G1;HSP90AA1;GFAP;BCAN;TMEM59;RRAGA;LAPTM4A;NPC2;PSAP;AP1S1;RDH14;ITM2C;LAMTOR5
U2 snRNP (GO:0005686)	GO_Cellular_Component_2018	UP	4	0.00470895097236391	0.0277828107369471	'3/21	53.8376665202556	SF3B5;SF3B6;SNRPG
mitochondrial envelope (GO:0005740)	GO_Cellular_Component_2018	UP	4	0.00556001981628166	0.0320040165034749	'5/69	24.5472983616703	CHCHD5;CHCHD2;CYCS;VDAC1;SOD1
cell cortex part (GO:0044448)	GO_Cellular_Component_2018	UP	4	0.00581542507352441	0.0326771504131371	'4/44	31.0909217996004	SEPT8;ARV1;ENO1;MYL12B
endosome lumen (GO:0031904)	GO_Cellular_Component_2018	UP	4	0.00691039401924051	0.0379268136869944	'3/24	42.8367298015682	AP4M1;CD63;B2M
autolysosome (GO:0044754)	GO_Cellular_Component_2018	UP	4	0.00707487726408156	0.037947068961892	'2/8	99.2512231725535	FTH1;FTL
recycling endosome membrane (GO:0055038)	GO_Cellular_Component_2018	UP	4	0.00735321803906687	0.0385635434937729	'4/47	27.5992418037671	HLA-C;HLA-A;B2M;RAB11A
COPII-coated ER to Golgi transport vesicle (GO:0030134)	GO_Cellular_Component_2018	UP	4	0.00788655983008802	0.0404614808674081	'5/75	20.9258619061812	TMED2;HLA-C;CD59;HLA-A;B2M
U12-type spliceosomal complex (GO:0005689)	GO_Cellular_Component_2018	UP	4	0.00963114964028362	0.048360666278871	'3/27	34.9755221961655	SF3B5;SF3B6;SNRPG
positive regulation of filopodium assembly (GO:0051491)	GO_Biological_Process_2018	DOWN	4	5.8355673666745e-06	0.00419577293663897	'4/25	496.109215667237	GPM6A;TENM2;PALM;ARAP1
glutamate receptor signaling pathway (GO:0007215)	GO_Biological_Process_2018	DOWN	4	2.60968338566516e-05	0.00625454118097751	'4/36	284.949807097545	GRM3;GRIA2;GRIK4;PLCB1
regulation of filopodium assembly (GO:0051489)	GO_Biological_Process_2018	DOWN	4	2.60968338566516e-05	0.00625454118097751	'4/36	284.949807097545	GPM6A;TENM2;PALM;ARAP1
anterograde trans-synaptic signaling (GO:0098916)	GO_Biological_Process_2018	DOWN	4	0.000158012877009986	0.0284028146425449	'7/240	58.1202192786022	GRM3;GRIA2;DTNA;DLG2;NRXN1;SLC1A2;GRIK4
positive regulation of synapse assembly (GO:0051965)	GO_Biological_Process_2018	DOWN	4	0.000257175471745071	0.0369818328369412	'3/26	230.478841867914	PTPRD;NRXN1;LRRC4B
positive regulation of plasma membrane bounded cell projection assembly (GO:0120034)	GO_Biological_Process_2018	DOWN	4	0.000339357202391469	0.0406663047532443	'4/69	106.008698723836	GPM6A;TENM2;PALM;ARAP1
GTPase activator activity (GO:0005096)	GO_Molecular_Function_2018	DOWN	4	3.29707139803513e-07	5.83581637452218e-05	'10/249	142.795234595389	PREX2;ADGRB3;PLXNB1;ARAP1;ASAP2;SRGAP3;PLCB1;RGS6;ARHGAP24;RGS7
GTPase regulator activity (GO:0030695)	GO_Molecular_Function_2018	DOWN	4	8.17919987830186e-07	7.23859189229715e-05	'10/275	120.785462665196	PREX2;ADGRB3;PLXNB1;ARAP1;ASAP2;SRGAP3;PLCB1;RGS6;ARHGAP24;RGS7
glutamate receptor activity (GO:0008066)	GO_Molecular_Function_2018	DOWN	4	0.000115140558402798	0.00679329294576506	'3/20	342.243455875041	GRM3;GRIA2;GRIK4
integral component of plasma membrane (GO:0005887)	GO_Cellular_Component_2018	DOWN	4	1.69135182287182e-05	0.00128542738538258	'20/1463	36.9913452737099	GRIA2;TENM2;CADM2;NRXN1;SLC1A2;ATP2A2;GRIK4;SLC6A11;PTPRG;GRM3;PTPRD;ADGRG1;DLG2;NRG3;FLRT2;PALM;GPC5;PLXNB1;PRKD1;ADGRL3
ionotropic glutamate receptor complex (GO:0008328)	GO_Cellular_Component_2018	DOWN	4	0.000864060329986116	0.0328342925394724	'3/39	125.579075925711	GRIA2;DLG2;GRIK4
